Workbook

Sheet 양식2
A1: 농장명 : | D1: =TODAY() -> 46325
F2: 클레임적용 | O2: 클레임
B3: 일자 | C3: 두수 | D3: 총체 | E3: 평체 | F3: 두수 | G3: 총체 | H3: 평체 | I3: 전입처 | J3: 출하예정일 | K3: 폐사두수 | L3: 총폐사율 | M3: 출하두수 | N3: 재고 | O3: 일자 | P3: 두수
E4: =D4/C4 -> #DIV/0! | F4: =C8-P8 -> 0 | G4: =D8-(D8/C8*P8) -> #DIV/0! | H4: =G4/F4 -> #DIV/0! | J4: =B4+90 -> 90 | K4: =C58 -> 0 | L4: =K8/F8 -> #DIV/0! | M4: =E58 -> 0 | N4: =F8-C58-E58 -> 0
E5: =D5/C5 -> #DIV/0! | J5: =B5+90 -> 90
E6: =D6/C6 -> #DIV/0!
E7: =D7/C7 -> #DIV/0!
B8: 계 | C8: =SUM(C4:C7) -> 0 | D8: =SUM(D4:D7) -> 0 | E8: =D8/C8 -> #DIV/0! | F8: =SUM(F4) -> 0 | G8: =SUM(G4) -> #DIV/0! | H8: =G8/F8 -> #DIV/0! | K8: =K4 -> 0 | L8: =L4 -> #DIV/0! | M8: =M4 -> 0 | N8: =N4 -> 0 | O8: =P8/C8 -> #DIV/0! | P8: =SUM(P4:P7) -> 0
I9: =F8*0.95 -> 0
B10: 폐사내역 | D10: 출하내역 | H10: 사료내역 | K10: 사료 두당 섭취량 | N10: 특이사항 | R10: 출하예상
B11: 일자 | C11: 두수 | D11: 일자 | E11: 두수 | F11: 총체 | G11: 평체 | H11: 일자 | I11: 품목 | J11: 중량 | K11: 품목 | L11: 총중량 | M11: 두당 섭취량 | N11: 일자 | O11: 내용 | R11: 주차 | S11: 두수
K12: 윈맥스S트랜스 | L12: =SUMIF($I$12:$I$123,K12,$J$12:$J$123) -> 0 | M12: =L12/$C$8 -> #DIV/0!
K13: 리더MF1호 | L13: =SUMIF($I$12:$I$123,K13,$J$12:$J$123) -> 0 | M13: =L13/$C$8 -> #DIV/0!
K14: 리더MF2호 | L14: =SUMIF($I$12:$I$123,K14,$J$12:$J$123) -> 0 | M14: =L14/$C$8 -> #DIV/0!
K15: 총량 | L15: =SUM(L12:L14) -> 0 | M15: =L15/C8 -> #DIV/0!
K18: 예상FCR | L18: =J58/((I9*G58)-(G9)) -> #DIV/0!
C58: =SUM(C12:C57) -> 0 | E58: =SUM(E12:E57) -> 0 | F58: =SUM(F12:F57) -> 0 | G58: =F58/E58 -> #DIV/0! | J58: =SUM(J12:J57) -> 0

Sheet 통합
B1: 농가명 | C1: 입식일 | D1: 전입처 | E1: 총체 | F1: 평체 | G1: 전입두수 | H1: 클레임두수 | I1: 클레임율 | J1: 폐사두수 | K1: 출하두수 | L1: 폐사율 | M1: 재고 | N1: 총사료투입량 | O1: 예상FCR | P1: 사육일령 | Q1: 평균일당사료섭취량 | R1: 비고 | U1: =TODAY() -> 46325
B2: 요셉(1106) | C2: ='요셉(1106)'!B$4 -> 0 | D2: ='요셉(1106)'!I$4 -> 태평 | E2: ='요셉(1106)'!G$8 -> #DIV/0! | F2: ='요셉(1106)'!H$8 -> #DIV/0! | G2: ='요셉(1106)'!F$8 -> 0 | H2: ='요셉(1106)'!P$8 -> 0 | I2: ='요셉(1106)'!O$8 -> #DIV/0! | J2: ='요셉(1106)'!K$8 -> 0 | K2: ='요셉(1106)'!M$8 -> 0 | L2: ='요셉(1106)'!L$8 -> #DIV/0! | M2: ='요셉(1106)'!N$8 -> 0 | N2: ='요셉(1106)'!L21 -> #DIV/0! | O2: ='요셉(1106)'!L27 -> #DIV/0! | P2: =$U$1-C2 -> 46325 | Q2: ='요셉(1106)'!L28 -> 0
B3: 신흥1-4,5 | C3: ='신흥(1-1)'!B$4 -> 46224 | D3: ='신흥(1-1)'!I$4 -> 태농 | E3: ='신흥(1-1)'!G$9 -> 13730 | F3: ='신흥(1-1)'!H$8 -> 24.705263 | G3: ='신흥(1-1)'!F$8 -> 936 | H3: ='신흥(1-1)'!P$8 -> 14 | I3: ='신흥(1-1)'!O$8 -> 0.014736842 | J3: ='신흥(1-1)'!K$8 -> 53 | K3: ='신흥(1-1)'!M$8 -> 0 | L3: ='신흥(1-1)'!L$8 -> 0.056623932 | M3: ='신흥(1-1)'!N$8 -> 883 | N3: ='신흥(1-1)'!L20 -> 0 | O3: ='신흥(1-1)'!L23 -> 0 | P3: =$U$1-C3 -> 101 | Q3: ='신흥(1-1)'!L23 -> 0
B4: 신흥1-6 | C4: ='신흥(1-6)'!B$4 -> 46275 | D4: ='신흥(1-6)'!I$4 -> 태농 | E4: ='신흥(1-6)'!G$9 -> 13730 | F4: ='신흥(1-6)'!H$8 -> 29.5 | G4: ='신흥(1-6)'!F$8 -> 475 | H4: ='신흥(1-6)'!P$8 -> 5 | I4: ='신흥(1-6)'!O$8 -> 0.010416667 | J4: ='신흥(1-6)'!K$8 -> 19 | K4: ='신흥(1-6)'!M$8 -> 0 | L4: ='신흥(1-6)'!L$8 -> 0.04 | M4: ='신흥(1-6)'!N$8 -> 456 | N4: ='신흥(1-6)'!L21 -> 0 | O4: ='신흥(1-6)'!L24 -> 0 | P4: =$U$1-C4 -> 50 | Q4: ='신흥(1-6)'!L24 -> 0
B5: 신흥2-10 | C5: ='신흥(2-10)'!B$4 -> 46282 | D5: ='신흥(2-10)'!I$4 -> 태농 | E5: ='신흥(2-10)'!G$9 -> 13730 | F5: ='신흥(2-10)'!H$8 -> 28.9 | G5: ='신흥(2-10)'!F$8 -> 396 | H5: ='신흥(2-10)'!P$8 -> 4 | I5: ='신흥(2-10)'!O$8 -> 0.01 | J5: ='신흥(2-10)'!K$8 -> 15 | K5: ='신흥(2-10)'!M$8 -> 0 | L5: ='신흥(2-10)'!L$8 -> 0.037878788 | M5: ='신흥(2-10)'!N$8 -> 381 | N5: ='신흥(2-10)'!L22 -> 0 | O5: ='신흥(2-10)'!L25 -> 0 | P5: =$U$1-C5 -> 43 | Q5: ='신흥(2-10)'!L25 -> 0
B6: 신흥2-11 | C6: ='신흥(2-11)'!B$4 -> 46294 | D6: ='신흥(2-11)'!I$4 -> 태농 | E6: ='신흥(2-11)'!G$9 -> 13730 | F6: ='신흥(2-11)'!H$8 -> 31.3 | G6: ='신흥(2-11)'!F$8 -> 396 | H6: ='신흥(2-11)'!P$8 -> 4 | I6: ='신흥(2-11)'!O$8 -> 0.01 | J6: ='신흥(2-11)'!K$8 -> 12 | K6: ='신흥(2-11)'!M$8 -> 0 | L6: ='신흥(2-11)'!L$8 -> 0.03030303 | M6: ='신흥(2-11)'!N$8 -> 384 | N6: ='신흥(2-11)'!L23 -> 0 | O6: ='신흥(2-11)'!L26 -> 0 | P6: =$U$1-C6 -> 31 | Q6: ='신흥(2-11)'!L26 -> 0
B7: 신흥2-12 | C7: ='신흥(2-12)'!B$4 -> 46303 | D7: ='신흥(2-12)'!I$4 -> 태농 | E7: ='신흥(2-12)'!G$9 -> 13730 | F7: ='신흥(2-12)'!H$8 -> 28 | G7: ='신흥(2-12)'!F$8 -> 396 | H7: ='신흥(2-12)'!P$8 -> 4 | I7: ='신흥(2-12)'!O$8 -> 0.01 | J7: ='신흥(2-12)'!K$8 -> 11 | K7: ='신흥(2-12)'!M$8 -> 0 | L7: ='신흥(2-12)'!L$8 -> 0.027777778 | M7: ='신흥(2-12)'!N$8 -> 385 | N7: ='신흥(2-12)'!L24 -> 0 | O7: ='신흥(2-12)'!L27 -> 0 | P7: =$U$1-C7 -> 22 | Q7: ='신흥(2-12)'!L27 -> 0
B8: 신흥2-13 | C8: ='신흥(2-13)'!B$4 -> 46316 | D8: ='신흥(2-13)'!I$4 -> 태농 | E8: ='신흥(2-13)'!G$9 -> 13730 | F8: ='신흥(2-13)'!H$8 -> 26.5 | G8: ='신흥(2-13)'!F$8 -> 396 | H8: ='신흥(2-13)'!P$8 -> 4 | I8: ='신흥(2-13)'!O$8 -> 0.01 | J8: ='신흥(2-13)'!K$8 -> 6 | K8: ='신흥(2-13)'!M$8 -> 0 | L8: ='신흥(2-13)'!L$8 -> 0.015151515 | M8: ='신흥(2-13)'!N$8 -> 390 | N8: ='신흥(2-13)'!L25 -> 0 | O8: ='신흥(2-13)'!L28 -> 0 | P8: =$U$1-C8 -> 9 | Q8: ='신흥(2-13)'!L28 -> 0
B9: 신흥2-14 | C9: ='신흥(2-14)'!B$4 -> 46324 | D9: ='신흥(2-14)'!I$4 -> 태농 | E9: ='신흥(2-14)'!G$9 -> 13730 | F9: ='신흥(2-14)'!H$8 -> 26.2 | G9: ='신흥(2-14)'!F$8 -> 396 | H9: ='신흥(2-14)'!P$8 -> 4 | I9: ='신흥(2-14)'!O$8 -> 0.01 | J9: ='신흥(2-14)'!K$8 -> 0 | K9: ='신흥(2-14)'!M$8 -> 0 | L9: ='신흥(2-14)'!L$8 -> 0 | M9: ='신흥(2-14)'!N$8 -> 396 | N9: ='신흥(2-14)'!L26 -> 0 | O9: ='신흥(2-14)'!L29 -> 0 | P9: =$U$1-C9 -> 1 | Q9: ='신흥(2-14)'!L29 -> 0
B10: 준석 | C10: ='준석(26-003)'!B$4 -> 46318 | D10: ='준석(26-003)'!I$4 -> 태평 | E10: ='준석(26-003)'!G$9 -> 8051 | F10: ='준석(26-003)'!H$8 -> 31.2 | G10: ='준석(26-003)'!F$8 -> 938 | H10: ='준석(26-003)'!P$8 -> 12 | I10: ='준석(26-003)'!O$8 -> 0.012631579 | J10: ='준석(26-003)'!K$8 -> 3 | K10: ='준석(26-003)'!M$8 -> 0 | L10: ='준석(26-003)'!L$8 -> 0.0031982942 | M10: ='준석(26-003)'!N$8 -> 935 | N10: ='준석(26-003)'!L22 -> 0 | O10: ='준석(26-003)'!L25 -> 0 | P10: =$U$1-C10 -> 7 | Q10: ='준석(26-003)'!L26 -> 0
J30: 526
J31: 696
J32: =J30/J31 -> 0.75574713

Sheet 대웅돈유전자1(1027)
A1: 농장명 : | B1: 대웅돈유전자1 | D1: =TODAY() -> 46325 | E1: =D1-B4 -> 1099
F2: 클레임적용 | O2: 클레임
B3: 일자 | C3: 두수 | D3: 총체 | E3: 평체 | F3: 두수 | G3: 총체 | H3: 평체 | I3: 전입처 | J3: 출하예정일 | K3: 폐사두수 | L3: 총폐사율 | M3: 출하두수 | N3: 재고 | O3: 일자 | P3: 두수
B4: 45226 | C4: 400 | D4: =3650+3920+4820 -> 12390 | E4: =D4/C4 -> 30.975 | F4: =C8-P8 -> 875 | G4: =D8-(D8/C8*P8) -> 25112.5 | H4: =G4/F4 -> 28.7 | I4: 아빠 | J4: =B4+90 -> 45316 | K4: =C59 -> 27 | L4: =K8/F8 -> 0.030857143 | M4: =E59 -> 848 | N4: =F8-C59-E59 -> 0 | O4: 45226 | P4: 12 | Q4: =3+1+1+1+2+1+1*4 -> 13 | R4: =C4-P4 -> 388
B5: 45234 | C5: 250 | D5: =3620+3660 -> 7280 | E5: =D5/C5 -> 29.12 | J5: =B5+90 -> 45324 | O5: 45234 | P5: 7 | Q5: =1+1+1+2+3+1+1+1 -> 11 | R5: =C5-P5 -> 243
B6: 45240 | C6: 250 | D6: =3090+3070 -> 6160 | E6: =D6/C6 -> 24.64 | J6: =B6+90 -> 45330 | O6: 45240 | P6: 6 | Q6: =1+2+1+1+2+2+1+2+3+1+2+1 -> 19 | R6: =C6-P6 -> 244
E7: =D7/C7 -> #DIV/0!
B8: 계 | C8: =SUM(C4:C7) -> 900 | D8: =SUM(D4:D7) -> 25830 | E8: =D8/C8 -> 28.7 | F8: =SUM(F4) -> 875 | G8: =SUM(G4) -> 25112.5 | H8: =G8/F8 -> 28.7 | K8: =K4 -> 27 | L8: =L4 -> 0.030857143 | M8: =M4 -> 848 | N8: =N4 -> 0 | O8: =P8/C8 -> 0.027777778 | P8: =SUM(P4:P7) -> 25 | Q8: =P8-Q4-Q5-Q6 -> -18
G9: =12024+7077+6016 -> 25117 | I9: =F8*0.95 -> 831.25
B10: 폐사내역 | D10: 출하내역 | H10: 사료내역 | K10: 사료 두당 섭취량 | N10: 특이사항 | R10: 출하예상
B11: 일자 | C11: 두수 | D11: 일자 | E11: 두수 | F11: 총체 | G11: 평체 | H11: 일자 | I11: 품목 | J11: 중량 | K11: 품목 | L11: 총중량 | M11: 두당 섭취량 | N11: 일자 | O11: 내용 | R11: 주차 | S11: 두수
B12: 45235 | C12: 3 | D12: 45315 | E12: 30 | F12: 3230 | G12: =F12/E12 -> 107.66667 | H12: 45226 | I12: 윈맥스S트랜스 | J12: 5040 | K12: 윈맥스S트랜스 | L12: =SUMIF($I$12:$I$124,K12,$J$12:$J$124) -> 48040 | M12: =L12/$C$8 -> 53.377778 | R12: 1월4주 | S12: 30
B13: 45237 | C13: 1 | D13: 45329 | E13: 45 | F13: 5020 | G13: =F13/E13 -> 111.55556 | H13: 45234 | I13: 윈맥스S트랜스 | J13: 5000 | K13: 리더MF1호 | L13: =SUMIF($I$12:$I$124,K13,$J$12:$J$124) -> 36980 | M13: =L13/$C$8 -> 41.088889 | R13: 2월1주
B14: 45239 | C14: 2 | D14: 45337 | E14: 60 | F14: 6560 | G14: =F14/E14 -> 109.33333 | H14: 45240 | I14: 윈맥스S트랜스 | J14: 4970 | K14: 윈맥스S배로우 | L14: =SUMIF($I$12:$I$124,K14,$J$12:$J$124) -> 132170 | M14: =L14/$C$8 -> 146.85556 | R14: 2월2주 | S14: 45
B15: 45240 | C15: 1 | D15: 45344 | E15: 60 | F15: 7190 | G15: =F15/E15 -> 119.83333 | H15: 45241 | I15: 윈맥스S트랜스 | J15: 4990 | K15: 리더MF2호 | L15: =SUMIF($I$12:$I$124,K15,$J$12:$J$124) -> 23110 | M15: =L15/$C$8 -> 25.677778 | R15: 2월3주 | S15: 60
B16: 45242 | C16: 2 | D16: 45344 | E16: 60 | F16: 7180 | G16: =F16/E16 -> 119.66667 | H16: 45247 | I16: 윈맥스S트랜스 | J16: 10040 | K16: 총량 | L16: =SUM(L12:L14) -> 217190 | M16: =L16/C8 -> 241.32222 | R16: 2월4주 | S16: 120
B17: 45245 | C17: 2 | D17: 45348 | E17: 52 | F17: 5940 | G17: =F17/E17 -> 114.23077 | H17: 45254 | I17: 윈맥스S트랜스 | J17: =2000+2020+3990 -> 8010 | R17: 2월5주 | S17: 103
B18: 45247 | C18: 1 | D18: 45348 | E18: 51 | F18: 5850 | G18: =F18/E18 -> 114.70588 | H18: 45260 | I18: 윈맥스S트랜스 | J18: =3000+4990+2000 -> 9990 | R18: 3월1주
B19: 45248 | C19: 2 | D19: 45358 | E19: 65 | F19: 8000 | G19: =F19/E19 -> 123.07692 | H19: 45268 | I19: 리더MF1호 | J19: =3010+4010+5010 -> 12030 | K19: 예상FCR | L19: =J59/((I9*G59)-(G9)) -> 3.3795515 | R19: 3월2주 | S19: 129
B20: 45252 | C20: 3 | D20: 45358 | E20: 64 | F20: 8020 | G20: =F20/E20 -> 125.3125 | H20: 45274 | I20: 리더MF1호 | J20: =2000+6060+4000 -> 12060 | R20: 3월3주 | S20: 243
B21: 45253 | C21: 2 | D21: 45362 | E21: 61 | F21: 7260 | G21: =F21/E21 -> 119.01639 | H21: 45647 | I21: 리더MF1호 | J21: =5940+3990+2960 -> 12890 | R21: 3월4주 | S21: 93
B22: 45254 | C22: 3 | D22: 45362 | E22: 62 | F22: 7390 | G22: =F22/E22 -> 119.19355 | H22: 45656 | I22: 윈맥스S배로우 | J22: =4010+6050+3050 -> 13110 | R22: 3월5주
B23: 45256 | C23: 4 | D23: 45364 | E23: 60 | F23: 7290 | G23: =F23/E23 -> 121.5 | H23: 45295 | I23: 윈맥스S배로우 | J23: =3000+3000+5960 -> 11960 | L23: =108+90+46 -> 244
B24: 45260 | C24: 1 | D24: 45364 | E24: 60 | F24: 6980 | G24: =F24/E24 -> 116.33333 | H24: 45300 | I24: 윈맥스S배로우 | J24: =2990+5040+4030 -> 12060
D25: 45365 | E25: 20 | F25: 1500 | G25: =F25/E25 -> 75 | H25: 45306 | I25: 윈맥스S배로우 | J25: =5010+5000+5000 -> 15010 | L25: 238
D26: 45372 | E26: 51 | F26: 5600 | G26: =F26/E26 -> 109.80392 | H26: 45311 | I26: 윈맥스S배로우 | J26: =4010+2030+4050 -> 10090
D27: 45372 | E27: 47 | F27: 5150 | G27: =F27/E27 -> 109.57447 | H27: 45316 | I27: 윈맥스S배로우 | J27: 10010
G28: =F28/E28 -> #DIV/0! | H28: 45320 | I28: 윈맥스S배로우 | J28: =5020+3000+3020 -> 11040
G29: =F29/E29 -> #DIV/0! | H29: 45324 | I29: 윈맥스S배로우 | J29: 9920
G30: =F30/E30 -> #DIV/0! | H30: 45328 | I30: 윈맥스S배로우 | J30: 8010
G31: =F31/E31 -> #DIV/0! | H31: 45334 | I31: 윈맥스S배로우 | J31: 14970
G32: =F32/E32 -> #DIV/0! | H32: 45337 | I32: 윈맥스S배로우 | J32: 10970
G33: =F33/E33 -> #DIV/0! | H33: 45342 | I33: 윈맥스S배로우 | J33: 5020
G34: =F34/E34 -> #DIV/0! | H34: 45345 | I34: 리더MF2호 | J34: 9060
G35: =F35/E35 -> #DIV/0! | H35: 45350 | I35: 리더MF2호 | J35: =4960+1990 -> 6950
G36: =F36/E36 -> #DIV/0! | H36: 45355 | I36: 리더MF2호 | J36: 7100
G37: =F37/E37 -> #DIV/0!
G38: =F38/E38 -> #DIV/0!
G39: =F39/E39 -> #DIV/0!
G40: =F40/E40 -> #DIV/0!
G41: =F41/E41 -> #DIV/0!
G42: =F42/E42 -> #DIV/0!
G43: =F43/E43 -> #DIV/0!
G44: =F44/E44 -> #DIV/0!
G45: =F45/E45 -> #DIV/0!
C59: =SUM(C12:C58) -> 27 | E59: =SUM(E12:E58) -> 848 | F59: =SUM(F12:F58) -> 98160 | G59: =F59/E59 -> 115.75472 | J59: =SUM(J12:J58) -> 240300

Sheet 진일농장(1004)
A1: 농장명 : | B1: 진일농장(0901) | E1: =TODAY() -> 46325 | F1: =E1-B4 -> 1122
F2: 클레임적용 | O2: 클레임 | R2: 902
B3: 일자 | C3: 두수 | D3: 총체 | E3: 평체 | F3: 두수 | G3: 총체 | H3: 평체 | I3: 전입처 | J3: 출하예정일 | K3: 폐사두수 | L3: 총폐사율 | M3: 출하두수 | N3: 재고 | O3: 일자 | P3: 두수 | R3: =R2-Q4 -> 863
B4: 45203 | C4: 900 | D4: =5410+4520+5270+5300+4740 -> 25240 | E4: =D4/C4 -> 28.044444 | F4: =C8-P8 -> 880 | G4: =D8-(D8/C8*P8) -> 24679.111 | H4: =G4/F4 -> 28.044444 | I4: 익산 | J4: =B4+90 -> 45293 | K4: =C62 -> 100 | L4: =K8/F8 -> 0.11363636 | M4: =E62 -> 780 | N4: =F8-C62-E62 -> 0 | O4: 45203 | P4: 20 | Q4: =1+1+1+1+2+1+3+1+2+1+3+2+2+1+4+12+1 -> 39
J5: =B5+90 -> 90
B8: 계 | C8: =SUM(C4:C7) -> 900 | D8: =SUM(D4:D7) -> 25240 | E8: =D8/C8 -> 28.044444 | F8: =SUM(F4) -> 880 | G8: =SUM(G4) -> 24679.111 | H8: =G8/F8 -> 28.044444 | K8: =K4 -> 100 | L8: =L4 -> 0.11363636 | M8: =M4 -> 780 | N8: =N4 -> 0 | O8: =P8/C8 -> 0.022222222 | P8: =SUM(P4:P7) -> 20 | Q8: =P8-Q4 -> -19
G9: 25740 | I9: =F8*0.886 -> 779.68
B10: 폐사내역 | D10: 출하내역 | H10: 사료내역 | K10: 사료 두당 섭취량 | N10: 특이사항 | R10: 출하예상 | U10: =82-13 -> 69
B11: 일자 | C11: 두수 | D11: 일자 | E11: 두수 | F11: 총체 | G11: 평체 | H11: 일자 | I11: 품목 | J11: 중량 | K11: 품목 | L11: 총중량 | M11: 두당 섭취량 | N11: 일자 | O11: 내용 | R11: 주차 | S11: 두수
B12: 45206 | C12: 1 | D12: 45303 | E12: 61 | F12: 7290 | G12: =F12/E12 -> 119.5082 | H12: 45203 | I12: 윈맥스S트랜스 | J12: 9880 | K12: 윈맥스S트랜스 | L12: =SUMIF($I$12:$I$127,K12,$J$12:$J$127) -> 39930 | M12: =L12/$C$8 -> 44.366667 | R12: 1월2주 | S12: 61
B13: 45210 | C13: 1 | D13: 45307 | E13: 61 | F13: 7110 | G13: =F13/E13 -> 116.55738 | H13: 45211 | I13: 윈맥스S트랜스 | J13: 10050 | K13: 리더MF1호 | L13: =SUMIF($I$12:$I$127,K13,$J$12:$J$127) -> 84960 | M13: =L13/$C$8 -> 94.4 | R13: 1월3주 | S13: 220
B14: 45211 | C14: 1 | D14: 45307 | E14: 62 | F14: 7120 | G14: =F14/E14 -> 114.83871 | H14: 45218 | I14: 윈맥스S트랜스 | J14: 9990 | K14: 리더MF2호 | L14: =SUMIF($I$12:$I$127,K14,$J$12:$J$127) -> 87040 | M14: =L14/$C$8 -> 96.711111 | R14: 1월4주 | S14: 234
B15: 45212 | C15: 1 | D15: 45310 | E15: 60 | F15: 6920 | G15: =F15/E15 -> 115.33333 | H15: 45227 | I15: 리더MF1호 | J15: 9990 | K15: 총량 | L15: =SUM(L12:L14) -> 211930 | M15: =L15/C8 -> 235.47778 | R15: 1월5주
B16: 45213 | C16: 2 | D16: 45310 | E16: 37 | F16: =6280/55*37 -> 4224.7273 | G16: =F16/E16 -> 114.18182 | H16: 45237 | I16: 윈맥스S트랜스 | J16: 10010 | R16: 2월1주
B17: 45216 | C17: 1 | D17: 45316 | E17: 71 | F17: 7960 | G17: =F17/E17 -> 112.11268 | H17: 45239 | I17: 리더MF1호 | J17: 7000 | R17: 2월2주 | S17: 61
B18: 45219 | C18: 3 | D18: 45316 | E18: 53 | F18: =7850/71*E18 -> 5859.8592 | G18: =F18/E18 -> 110.56338 | H18: 45248 | I18: 리더MF1호 | J18: 8050 | K18: 예상FCR | L18: =J62/((I9*G62)-(G9)) -> 3.4663509 | R18: 2월3주 | S18: 50
B19: 45220 | C19: 1 | D19: 45323 | E19: 55 | F19: 5970 | G19: =F19/E19 -> 108.54545 | H19: 45618 | I19: 리더MF1호 | J19: 6050 | R19: 2월4주 | S19: 71
B20: 45222 | C20: 2 | D20: 45323 | E20: 55 | F20: 5980 | G20: =F20/E20 -> 108.72727 | H20: 45257 | I20: 리더MF1호 | J20: 9970 | R20: 2월5주 | S20: 68
B21: 45225 | C21: 1 | D21: 45329 | E21: 61 | F21: 7110 | G21: =F21/E21 -> 116.55738 | H21: 45257 | I21: 리더MF2호 | J21: 5010
B22: 45226 | C22: 3 | D22: 45337 | E22: 50 | F22: 5780 | G22: =F22/E22 -> 115.6 | H22: 45262 | I22: 리더MF1호 | J22: 12820
B23: 45227 | C23: 2 | D23: 45343 | E23: 71 | F23: 8050 | G23: =F23/E23 -> 113.38028 | H23: 45266 | I23: 리더MF1호 | J23: 10140
B24: 45231 | C24: 2 | D24: 45348 | E24: 55 | F24: =7060/68*E24 -> 5710.2941 | G24: =F24/E24 -> 103.82353 | H24: 45273 | I24: 리더MF1호 | J24: 13170
A25: 0 | B25: 45232 | C25: 1 | D25: 45344 | E25: 28 | F25: 1830 | G25: =F25/E25 -> 65.357143 | H25: 45280 | I25: 리더MF2호 | J25: 5030
B26: 45233 | C26: 4 | G26: =F26/E26 -> #DIV/0! | H26: 45281 | I26: 리더MF2호 | J26: 15190
B27: 45234 | C27: 1 | H27: 45287 | I27: 리더MF1호 | J27: 7770
B28: 45235 | C28: 2 | H28: 45290 | I28: 리더MF2호 | J28: 5050
B29: 45238 | C29: 2 | H29: 45293 | I29: 리더MF2호 | J29: 10620
B30: 45239 | C30: 5 | H30: 45297 | I30: 리더MF2호 | J30: 12220
B31: 45240 | C31: 4 | H31: 45304 | I31: 리더MF2호 | J31: 12150
B32: 45241 | C32: 1 | H32: 45311 | I32: 리더MF2호 | J32: 5070
B33: 45243 | C33: 2 | H33: 45318 | I33: 리더MF2호 | J33: 6640
B34: 45247 | C34: 1 | H34: 45318 | I34: 리더MF2호 | J34: 5060
B35: 45248 | C35: 3 | H35: 45327 | I35: 리더MF2호 | J35: 5000
B36: 45250 | C36: 1
B37: 45254 | C37: 1
B38: 45269 | C38: 2
B39: 45283 | C39: 4
B40: 45284 | C40: 1
B41: 45286 | C41: 3
B42: 45287 | C42: 3
B43: 45288 | C43: 1
B44: 45293 | C44: 1
B45: 45294 | C45: 1
B46: 45295 | C46: 1
B47: 45296 | C47: 1
A48: 1/8안올림 | C48: 2
B49: 45300 | C49: 1
B50: 45303 | C50: 2
B51: 45305 | C51: 1
B52: 45313 | C52: 1
B53: 45314 | C53: 2
B54: 45329 | C54: 3
B55: 45332 | C55: 3
B56: 45338 | C56: 1
B57: 45341 | C57: 5
B58: 45342 | C58: 4
B59: 45343 | C59: 4
B60: 45346 | C60: 1
B61: 45348 | C61: 3
C62: =SUM(C12:C61) -> 100 | E62: =SUM(E12:E61) -> 780 | F62: =SUM(F12:F61) -> 86914.881 | G62: =F62/E62 -> 111.42933 | J62: =SUM(J12:J61) -> 211930
D68: 1월1주 | E68: 60
D69: 1월2주 | E69: 120
D70: 1월3주 | E70: 180
D71: 1월4주 | E71: 180
D72: 1월5주 | E72: 180

Sheet 대웅돈유전자1(0401)
A1: 농장명 : | B1: 대웅돈유전자1 | D1: =TODAY() -> 46325 | E1: =D1-B4 -> 942
F2: 클레임적용 | O2: 클레임
B3: 일자 | C3: 두수 | D3: 총체 | E3: 평체 | F3: 두수 | G3: 총체 | H3: 평체 | I3: 전입처 | J3: 출하예정일 | K3: 폐사두수 | L3: 총폐사율 | M3: 출하두수 | N3: 재고 | O3: 일자 | P3: 두수
B4: 45383 | C4: 450 | D4: =3420+3300+3280 -> 10000 | E4: =D4/C4 -> 22.222222 | F4: =C8-P8 -> 878 | G4: =D8-(D8/C8*P8) -> 19667.2 | H4: =G4/F4 -> 22.4 | I4: 돈앤돈 | J4: =B4+90 -> 45473 | K4: =C59 -> 44 | L4: =K8/F8 -> 0.050113895 | M4: =E59 -> 834 | N4: =F8-C59-E59 -> 0 | O4: 45383 | P4: 13 | Q4: 18 | R4: =C4-P4 -> 437
B5: 45397 | C5: 450 | D5: 10160 | E5: =D5/C5 -> 22.577778 | J5: =B5+90 -> 45487 | O5: 45397 | P5: 9 | Q5: 2 | R5: =C5-P5 -> 441
E6: =D6/C6 -> #DIV/0! | J6: =B6+90 -> 90 | R6: =C6-P6 -> 0
E7: =D7/C7 -> #DIV/0!
B8: 계 | C8: =SUM(C4:C7) -> 900 | D8: =SUM(D4:D7) -> 20160 | E8: =D8/C8 -> 22.4 | F8: =SUM(F4) -> 878 | G8: =SUM(G4) -> 19667.2 | H8: =G8/F8 -> 22.4 | K8: =K4 -> 44 | L8: =L4 -> 0.050113895 | M8: =M4 -> 834 | N8: =N4 -> 0 | O8: =P8/C8 -> 0.024444444 | P8: =SUM(P4:P7) -> 22 | Q8: =P8-Q4-Q5-Q6 -> 2
G9: =9714+9962 -> 19676 | I9: =F8*0.95 -> 834.1 | R9: 대웅돈
B10: 폐사내역 | D10: 출하내역 | H10: 사료내역 | K10: 사료 두당 섭취량 | N10: 특이사항 | R10: 출하예상 | U10: 실출하
B11: 일자 | C11: 두수 | D11: 일자 | E11: 두수 | F11: 총체 | G11: 평체 | H11: 일자 | I11: 품목 | J11: 중량 | K11: 품목 | L11: 총중량 | M11: 두당 섭취량 | N11: 일자 | O11: 내용 | R11: 주차 | S11: 두수 | U11: 주차 | V11: 두수
B12: 45439 | C12: 2 | D12: 45497 | E12: 61 | F12: 6610 | G12: =F12/E12 -> 108.36066 | H12: 45370 | I12: 윈맥스S트랜스 | J12: 960 | K12: 윈맥스S트랜스 | L12: =SUMIF($I$12:$I$124,K12,$J$12:$J$124) -> 64620 | M12: =L12/$C$8 -> 71.8 | R12: 7월1주 | U12: 7월1주
B13: 45446 | C13: 1 | D13: 45503 | E13: 60 | F13: 6470 | G13: =F13/E13 -> 107.83333 | H13: 45383 | I13: 윈맥스S트랜스 | J13: 4780 | K13: 리더MF1호 | L13: =SUMIF($I$12:$I$124,K13,$J$12:$J$124) -> 50140 | M13: =L13/$C$8 -> 55.711111 | R13: 7월2주 | U13: 7월2주
B14: 45453 | C14: 1 | D14: 45511 | E14: 58 | F14: 6550 | G14: =F14/E14 -> 112.93103 | H14: 45394 | I14: 윈맥스S트랜스 | J14: 4900 | K14: 프레쉬맥스제로육성돈 | L14: =SUMIF($I$12:$I$124,K14,$J$12:$J$124) -> 84210 | M14: =L14/$C$8 -> 93.566667 | R14: 7월3주 | U14: 7월3주
B15: 45461 | C15: 3 | D15: 45516 | E15: 60 | F15: 6640 | G15: =F15/E15 -> 110.66667 | H15: 45399 | I15: 윈맥스S트랜스 | J15: =4880+5190 -> 10070 | K15: 리더MF2호 | L15: =SUMIF($I$12:$I$124,K15,$J$12:$J$124) -> 33240 | M15: =L15/$C$8 -> 36.933333 | R15: 7월4주 | S15: 61 | U15: 7월4주 | V15: 61
B16: 45475 | C16: 2 | D16: 45516 | E16: 58 | F16: 6650 | G16: =F16/E16 -> 114.65517 | H16: 45402 | I16: 윈맥스S트랜스 | J16: 5340 | K16: 총량 | L16: =SUM(L12:L15) -> 232210 | M16: =L16/C8 -> 258.01111 | R16: 7월5주 | S16: 70 | U16: 7월5주 | V16: 60
B17: 45489 | C17: 2 | D17: 45520 | E17: 24 | F17: 2790 | G17: =F17/E17 -> 116.25 | H17: 45411 | I17: 프레쉬맥스제로육성돈 | J17: 7850 | R17: 8월1주 | U17: 8월1주
B18: 45490 | C18: 3 | D18: 45524 | E18: 52 | F18: 5710 | G18: =F18/E18 -> 109.80769 | H18: 45418 | I18: 프레쉬맥스제로육성돈 | J18: 11470 | R18: 8월2주 | S18: 100 | U18: 8월2주 | V18: 58
B19: 45517 | C19: 2 | D19: 45526 | E19: 64 | F19: 7050 | G19: =F19/E19 -> 110.15625 | H19: 45425 | I19: 프레쉬맥스제로육성돈 | J19: =3960+2800+6000 -> 12760 | K19: 예상FCR | L19: =(J59/I9)/(113-H8) -> 3.0728022 | R19: 8월3주 | S19: 60 | U19: 8월3주 | V19: 143
B20: 45524 | C20: 3 | D20: 45531 | E20: 44 | F20: 4730 | G20: =F20/E20 -> 107.5 | H20: 45432 | I20: 프레쉬맥스제로육성돈 | J20: 6000 | K20: 평균일당사료섭취량 | L20: =(J45+J46+J47)/N8/6 -> #DIV/0! | R20: 8월4주 | S20: 70 | U20: 8월4주 | V20: 116
B21: 45526 | C21: 3 | D21: 45531 | E21: 20 | F21: 1200 | G21: =F21/E21 -> 60 | H21: 45436 | I21: 프레쉬맥스제로육성돈 | J21: =3940+3970 -> 7910 | R21: 8월5주 | S21: 120 | U21: 8월5주 | V21: 150
B22: 45531 | C22: 4 | D22: 45534 | E22: 36 | F22: 4030 | G22: =F22/E22 -> 111.94444 | H22: 45440 | I22: 리더MF1호 | J22: 4990 | R22: 9월1주 | S22: 120 | U22: 9월1주 | V22: 120
B23: 45538 | C23: 4 | D23: 45534 | E23: 35 | F23: 3920 | G23: =F23/E23 -> 112 | H23: 45443 | I23: 리더MF1호 | J23: =3030+5040 -> 8070 | R23: 9월2주 | S23: 90 | U23: 9월2주 | V23: 100
C24: 14 | G24: =F24/E24 -> #DIV/0! | H24: 45446 | I24: 리더MF1호 | J24: 3900 | R24: 9월3주 | S24: 100 | U24: 9월3주
D25: 45541 | E25: 62 | F25: 6970 | G25: =F25/E25 -> 112.41935 | H25: 45450 | I25: 리더MF1호 | J25: 12120 | R25: 9월4주 | S25: 50 | U25: 9월4주
D26: 45545 | E26: 78 | F26: 8070 | G26: =F26/E26 -> 103.46154 | H26: 45456 | I26: 리더MF1호 | J26: 5010
D27: 45545 | E27: 73 | F27: 7560 | G27: =F27/E27 -> 103.56164 | H27: 45460 | I27: 리더MF1호 | J27: =5040+5040+2010 -> 12090 | L27: =M8-E21 -> 814
D28: 45554 | E28: 49 | F28: 5520 | G28: =F28/E28 -> 112.65306 | H28: 45464 | I28: 프레쉬맥스제로육성돈 | J28: 5010
G29: =F29/E29 -> #DIV/0! | H29: 45468 | I29: 프레쉬맥스제로육성돈 | J29: =4020+6090 -> 10110
G30: =F30/E30 -> #DIV/0! | H30: 45470 | I30: 프레쉬맥스제로육성돈 | J30: =6050+2010 -> 8060
G31: =F31/E31 -> #DIV/0! | H31: 45474 | I31: 리더MF1호 | J31: 1980
G32: =F32/E32 -> #DIV/0! | H32: 45474 | I32: 리더MF2호 | J32: 5030
G33: =F33/E33 -> #DIV/0! | H33: 45474 | I33: 리더MF1호 | J33: 1980
G34: =F34/E34 -> #DIV/0! | H34: 45478 | I34: 리더MF2호 | J34: 5030
G35: =F35/E35 -> #DIV/0! | H35: 45478 | I35: 리더MF2호 | J35: 3040
G36: =F36/E36 -> #DIV/0! | H36: 45478 | I36: 리더MF2호 | J36: 5020
G37: =F37/E37 -> #DIV/0! | H37: 45484 | I37: 리더MF2호 | J37: 5030
G38: =F38/E38 -> #DIV/0! | H38: 45485 | I38: 프레쉬맥스제로육성돈 | J38: 5000
G39: =F39/E39 -> #DIV/0! | H39: 45485 | I39: 프레쉬맥스제로육성돈 | J39: 10040
G40: =F40/E40 -> #DIV/0! | H40: 45490 | I40: 윈맥스S트랜스 | J40: 5930
G41: =F41/E41 -> #DIV/0! | H41: 45495 | I41: 윈맥스S트랜스 | J41: 4930
G42: =F42/E42 -> #DIV/0! | H42: 45495 | I42: 윈맥스S트랜스 | J42: 4910
... G45: =F45/E45 -> #DIV/0! | H45: 45506 | I45: 윈맥스S트랜스 | J45: 2950
H46: 45506 | I46: 윈맥스S트랜스 | J46: 3040
H47: 45506 | I47: 윈맥스S트랜스 | J47: 5910
H48: 45513 | I48: 리더MF2호 | J48: 2020
H49: 45513 | I49: 리더MF2호 | J49: 4030
H50: 45513 | I50: 리더MF2호 | J50: 4040
C59: =SUM(C12:C58) -> 44 | E59: =SUM(E12:E58) -> 834 | F59: =SUM(F12:F58) -> 90470 | G59: =F59/E59 -> 108.47722 | J59: =SUM(J12:J58) -> 232210

Sheet 진일농장4(1101)
A1: 농장명 : | B1: 진일농장(0901) | E1: =TODAY() -> 46325 | F1: =E1-B4 -> 1094
F2: 클레임적용 | O2: 클레임 | R2: 903
B3: 일자 | C3: 두수 | D3: 총체 | E3: 평체 | F3: 두수 | G3: 총체 | H3: 평체 | I3: 전입처 | J3: 출하예정일 | K3: 폐사두수 | L3: 총폐사율 | M3: 출하두수 | N3: 재고 | O3: 일자 | P3: 두수 | R3: =R2-Q4 -> 835
B4: 45231 | C4: 903 | D4: 21080 | E4: =D4/C4 -> 23.344408 | F4: =C8-P8 -> 876 | G4: =D8-(D8/C8*P8) -> 20449.701 | H4: =G4/F4 -> 23.344408 | I4: 익산 | J4: =B4+90 -> 45321 | K4: =C58 -> 265 | L4: =K8/F8 -> 0.30251142 | M4: =E58 -> 779 | N4: =F8-C58-E58 -> -168 | O4: 45231 | P4: 27 | Q4: =2+1+1+1+1+3+1+4+1+3+2+2+2+1+3+4+3+5+2+2+1+2+3+1+2+2+9+4 -> 68
J5: =B5+90 -> 90
B8: 계 | C8: =SUM(C4:C7) -> 903 | D8: =SUM(D4:D7) -> 21080 | E8: =D8/C8 -> 23.344408 | F8: =SUM(F4) -> 876 | G8: =SUM(G4) -> 20449.701 | H8: =G8/F8 -> 23.344408 | K8: =K4 -> 265 | L8: =L4 -> 0.30251142 | M8: =M4 -> 779 | N8: =N4 -> -168 | O8: =P8/C8 -> 0.029900332 | P8: =SUM(P4:P7) -> 27 | Q8: =P8-Q4 -> -41
G9: 20459 | I9: =F8*0.95 -> 832.2 | U9: =3600 -> 3600
B10: 폐사내역 | D10: 출하내역 | H10: 사료내역 | K10: 사료 두당 섭취량 | N10: 특이사항 | R10: 출하예상 | U10: 168
B11: 일자 | C11: 두수 | D11: 일자 | E11: 두수 | F11: 총체 | G11: 평체 | H11: 일자 | I11: 품목 | J11: 중량 | K11: 품목 | L11: 총중량 | M11: 두당 섭취량 | N11: 일자 | O11: 내용 | R11: 주차 | S11: 두수 | U11: =U10/U9 -> 0.046666667
B12: 45234 | C12: 7 | D12: 45337 | E12: 53 | F12: 5960 | G12: =F12/E12 -> 112.45283 | H12: 45231 | I12: 윈맥스S트랜스 | J12: 5040 | K12: 윈맥스S트랜스 | L12: =SUMIF($I$12:$I$123,K12,$J$12:$J$123) -> 48080 | M12: =L12/$C$8 -> 53.24474 | R12: 2월3주 | S12: 53
B13: 45236 | C13: 3 | D13: 45343 | E13: 40 | F13: 4490 | G13: =F13/E13 -> 112.25 | H13: 45234 | I13: 윈맥스S트랜스 | J13: 10050 | K13: 리더MF1호 | L13: =SUMIF($I$12:$I$123,K13,$J$12:$J$123) -> 79470 | M13: =L13/$C$8 -> 88.006645 | R13: 2월4주 | S13: 40
B14: 45240 | C14: 4 | D14: 45348 | E14: 13 | F14: =7060/68*E14 -> 1349.7059 | G14: =F14/E14 -> 103.82353 | H14: 45245 | I14: 윈맥스S트랜스 | J14: 10010 | K14: 리더MF2호 | L14: =SUMIF($I$12:$I$123,K14,$J$12:$J$123) -> 69970 | M14: =L14/$C$8 -> 77.486157 | R14: 2월5주 | S14: 13
B15: 45242 | C15: 5 | D15: 45358 | E15: 60 | F15: 6720 | G15: =F15/E15 -> 112 | H15: 45255 | I15: 윈맥스S트랜스 | J15: 10030 | K15: 총량 | L15: =SUM(L12:L14) -> 197520 | M15: =L15/C8 -> 218.73754 | R15: 3월1주
B16: 45251 | C16: 5 | D16: 45358 | E16: 61 | F16: =3460+3440 -> 6900 | G16: =F16/E16 -> 113.11475 | H16: 45259 | I16: 윈맥스S트랜스 | J16: 5040 | R16: 3월2주 | S16: 121
B17: 45254 | C17: 5 | D17: 45364 | E17: 75 | F17: =4030+4700 -> 8730 | G17: =F17/E17 -> 116.4 | H17: 45266 | I17: 리더MF1호 | J17: 5060 | R17: 3월3주 | S17: 150
B18: 45258 | C18: 2 | D18: 45364 | E18: 75 | F18: =4520+3990 -> 8510 | G18: =F18/E18 -> 113.46667 | H18: 45268 | I18: 윈맥스S트랜스 | J18: 7910 | K18: 예상FCR | L18: =J58/((I9*G58)-(G9)) -> 3.1928294 | R18: 3월4주 | S18: 120
B19: 45260 | C19: 2 | D19: 45369 | E19: 62 | F19: 6880 | G19: =F19/E19 -> 110.96774 | H19: 45648 | I19: 리더MF1호 | J19: 7950 | R19: 3월5주
B20: 45261 | C20: 1 | D20: 45369 | E20: =32+31 -> 63 | F20: =3590+3530 -> 7120 | G20: =F20/E20 -> 113.01587 | H20: 45653 | I20: 리더MF1호 | J20: 1990 | R20: 4월1주 | S20: 60
B21: 45262 | C21: 2 | D21: 45383 | E21: 54 | F21: 6010 | G21: =F21/E21 -> 111.2963 | H21: 45656 | I21: 리더MF1호 | J21: 8140 | R21: 4월2주 | S21: 40
B22: 45266 | C22: 1 | D22: 45397 | E22: 34 | F22: =7680/70*E22 -> 3730.2857 | G22: =F22/E22 -> 109.71429 | H22: 45297 | I22: 리더MF1호 | J22: 12210
B23: 45267 | C23: 2 | D23: 45399 | E23: 21 | F23: 1420 | G23: =F23/E23 -> 67.619048 | H23: 45300 | I23: 리더MF2호 | J23: 5040
B24: 45269 | C24: 3 | G24: =F24/E24 -> #DIV/0! | H24: 45304 | I24: 리더MF1호 | J24: 1610 | L24: =876 -> 876
B25: 45272 | C25: 1 | G25: =F25/E25 -> #DIV/0! | H25: 45306 | I25: 리더MF1호 | J25: 12200 | L25: =21/L24 -> 0.023972603
B26: 45274 | C26: 2 | E26: 168 | F26: =E26*55 -> 9240 | G26: =F26/E26 -> 55 | H26: 45311 | I26: 리더MF1호 | J26: 10210
B27: 45275 | C27: 168 | G27: =F27/E27 -> #DIV/0! | H27: 45318 | I27: 리더MF1호 | J27: 4990
B28: 45281 | C28: 2 | G28: =F28/E28 -> #DIV/0! | H28: 45322 | I28: 리더MF2호 | J28: 12200
B29: 45282 | C29: 2 | G29: =F29/E29 -> #DIV/0! | H29: 45325 | I29: 리더MF2호 | J29: 8100
B30: 45285 | C30: 4 | G30: =F30/E30 -> #DIV/0! | H30: 45330 | I30: 리더MF2호 | J30: 7140
B31: 45287 | C31: 1 | H31: 45336 | I31: 리더MF2호 | J31: 6100
B32: 45299 | C32: 1 | H32: 45336 | I32: 리더MF2호 | J32: 5050
B33: 45300 | C33: 2 | H33: 45341 | I33: 리더MF2호 | J33: 6100
B34: 45301 | C34: 2 | H34: 45345 | I34: 리더MF2호 | J34: 5030
B35: 45303 | C35: 1 | H35: 45345 | I35: 리더MF2호 | J35: 5070
B36: 45304 | C36: 1 | H36: 45350 | I36: 리더MF1호 | J36: 5070
B37: 45308 | C37: 2 | H37: 45352 | I37: 리더MF2호 | J37: 5060
B38: 45310 | C38: 1 | H38: 45352 | I38: 리더MF1호 | J38: 5010
B39: 45311 | C39: 3 | H39: 45369 | I39: 리더MF2호 | J39: 5080
B40: 45320 | C40: 1 | H40: 45376 | I40: 리더MF1호 | J40: 5030
B41: 45324 | C41: 2
B42: 45326 | C42: 2
B43: 45327 | C43: 1
B44: 45328 | C44: 1
B45: 45331 | C45: 3
B46: 45334 | C46: 1
B47: 45337 | C47: 1
B48: 45338 | C48: 2
B49: 45347 | C49: 1
B50: 45351 | C50: 2
B51: 45352 | C51: 2
B52: 45354 | C52: 2
... B56: 45400 | C56: 5
C57: 1
C58: =SUM(C12:C57) -> 265 | E58: =SUM(E12:E57) -> 779 | F58: =SUM(F12:F57) -> 77059.992 | G58: =F58/E58 -> 98.921684 | J58: =SUM(J12:J57) -> 197520
K61: 182370
K62: =J58-K61 -> 15150
D64: 1월1주 | E64: 60
D65: 1월2주 | E65: 120
D66: 1월3주 | E66: 180
D67: 1월4주 | E67: 180
D68: 1월5주 | E68: 180

Sheet 진일농장3(1220)
A1: 농장명 : | B1: 진일농장 | E1: =TODAY() -> 46325 | F1: =E1-B4 -> 1045
F2: 클레임적용 | O2: 클레임 | R2: 901
B3: 일자 | C3: 두수 | D3: 총체 | E3: 평체 | F3: 두수 | G3: 총체 | H3: 평체 | I3: 전입처 | J3: 출하예정일 | K3: 폐사두수 | L3: 총폐사율 | M3: 출하두수 | N3: 재고 | O3: 일자 | P3: 두수 | R3: =R2-Q4 -> 862
B4: 45280 | C4: 900 | D4: 22110 | E4: =D4/C4 -> 24.566667 | F4: =C8-P8 -> 873 | G4: =D8-(D8/C8*P8) -> 21446.7 | H4: =G4/F4 -> 24.566667 | I4: 익산 | J4: =B4+90 -> 45370 | K4: =C59 -> 69 | L4: =K8/F8 -> 0.079037801 | M4: =E59 -> 804 | N4: =F8-C59-E59 -> 0 | O4: 45280 | P4: 27 | Q4: =2+2+1+1+2+4+2+4+1+1+3+2+3+2+1+4+1+2+1 -> 39
J5: =B5+90 -> 90
B8: 계 | C8: =SUM(C4:C7) -> 900 | D8: =SUM(D4:D7) -> 22110 | E8: =D8/C8 -> 24.566667 | F8: =SUM(F4) -> 873 | G8: =SUM(G4) -> 21446.7 | H8: =G8/F8 -> 24.566667 | K8: =K4 -> 69 | L8: =L4 -> 0.079037801 | M8: =M4 -> 804 | N8: =N4 -> 0 | O8: =P8/C8 -> 0.03 | P8: =SUM(P4:P7) -> 27 | Q8: =P8-Q4 -> -12
G9: =18362+3100 -> 21462 | I9: =F8*0.95 -> 829.35
B10: 폐사내역 | D10: 출하내역 | H10: 사료내역 | K10: 사료 두당 섭취량 | N10: 특이사항 | R10: 출하예상
B11: 일자 | C11: 두수 | D11: 일자 | E11: 두수 | F11: 총체 | G11: 평체 | H11: 일자 | I11: 품목 | J11: 중량 | K11: 품목 | L11: 총중량 | M11: 두당 섭취량 | N11: 일자 | O11: 내용 | R11: 주차 | S11: 두수
B12: 45300 | C12: 2 | D12: 45372 | E12: 38 | F12: 4310 | G12: =F12/E12 -> 113.42105 | H12: 45647 | I12: 윈맥스S트랜스 | J12: =7100+2990 -> 10090 | K12: 윈맥스S트랜스 | L12: =SUMIF($I$12:$I$124,K12,$J$12:$J$124) -> 39190 | M12: =L12/$C$8 -> 43.544444 | N12: 45646 | O12: 써코전체접종 | R12: 3월4주 | S12: 38
B13: 45302 | C13: 3 | D13: 45378 | E13: 79 | F13: 8790 | G13: =F13/E13 -> 111.26582 | H13: 45655 | I13: 윈맥스S트랜스 | J13: 10070 | K13: 리더MF1호 | L13: =SUMIF($I$12:$I$124,K13,$J$12:$J$124) -> 49610 | M13: =L13/$C$8 -> 55.122222 | N13: 45321 | O13: 구제역접종 | R13: 3월5주 | S13: 79
B14: 45303 | C14: 2 | D14: 45385 | E14: 82 | F14: 9250 | G14: =F14/E14 -> 112.80488 | H14: 45300 | I14: 윈맥스S트랜스 | J14: 10000 | K14: 리더MF2호 | L14: 119330 | M14: 132.58889
B15: 45305 | C15: 1 | D15: 45390 | E15: 70 | F15: 8260 | G15: =F15/E15 -> 118 | H15: 45308 | I15: 윈맥스S트랜스 | J15: 9030 | K15: 프레쉬맥스제로육성돈 | L15: =SUMIF($I$12:$I$124,K15,$J$12:$J$124) -> 8680 | M15: =L15/$C$8 -> 9.6444444 | R15: 4월1주 | S15: 70
B16: 45307 | C16: 2 | D16: 45393 | E16: 60 | F16: 6920 | G16: =F16/E16 -> 115.33333 | H16: 45314 | I16: 리더MF1호 | J16: 10180 | K16: 총량 | L16: =SUM(L12:L15) -> 216810 | M16: =L16/C8 -> 240.9 | R16: 4월2주 | S16: 251
B17: 45308 | C17: 3 | D17: 45394 | E17: 60 | F17: 6930 | G17: =F17/E17 -> 115.5 | H17: 45321 | I17: 리더MF1호 | J17: 10130 | R17: 4월3주 | S17: 182
B18: 45309 | C18: 2 | D18: 45394 | E18: 61 | F18: 7050 | G18: =F18/E18 -> 115.57377 | H18: 45327 | I18: 리더MF1호 | J18: 10080 | R18: 4월4주 | S18: 82
B19: 45310 | C19: 1 | D19: 45397 | E19: 36 | F19: =7680/70*E19 -> 3949.7143 | G19: =F19/E19 -> 109.71429 | H19: 45330 | I19: 리더MF1호 | J19: 8110 | K19: 예상FCR | L19: =J59/((M8*G59)-(G9)) -> 3.1801725 | R19: 4월5주
B20: 45311 | C20: 4 | D20: 45399 | E20: 70 | F20: 7870 | G20: =F20/E20 -> 112.42857 | H20: 45336 | I20: 리더MF1호 | J20: 6150 | R20: 5월1주 | S20: 41
B21: 45314 | C21: 1 | D21: 45399 | E21: 76 | F21: =4160+4140 -> 8300 | G21: =F21/E21 -> 109.21053 | H21: 45341 | I21: 리더MF2호 | J21: 8120 | R21: 5월2주
B22: 45315 | C22: 2 | D22: 45405 | E22: 50 | F22: 5500 | G22: =F22/E22 -> 110 | H22: 45345 | I22: 리더MF2호 | J22: 10140 | R22: 5월3주 | S22: 28
B23: 45320 | C23: 1 | D23: 45407 | E23: 21 | F23: 1300 | G23: =F23/E23 -> 61.904762 | H23: 45349 | I23: 리더MF2호 | J23: 11240 | R23: 5월4주
B24: 45321 | C24: 1 | D24: 45407 | E24: 32 | F24: =6050/56*E24 -> 3457.1429 | G24: =F24/E24 -> 108.03571 | H24: 45353 | I24: 리더MF2호 | J24: 7660 | R24: 5월5주
B25: 45324 | C25: 2 | D25: 45414 | E25: 41 | F25: =4550/41*E25 -> 4550 | G25: =F25/E25 -> 110.97561 | H25: 45357 | I25: 리더MF2호 | J25: 10190
B26: 45326 | C26: 4 | D26: 45428 | E26: 28 | F26: =6630/58*E26 -> 3200.6897 | G26: =F26/E26 -> 114.31034 | H26: 45362 | I26: 리더MF2호 | J26: 10190
B27: 45328 | C27: 1 | G27: =F27/E27 -> #DIV/0! | H27: 45366 | I27: 리더MF2호 | J27: 12210
B28: 45329 | C28: 1 | G28: =F28/E28 -> #DIV/0! | H28: 45370 | I28: 리더MF2호 | J28: 15140
B29: 45332 | C29: 2 | G29: =F29/E29 -> #DIV/0! | H29: 45376 | I29: 리더MF2호 | J29: 12200
B30: 45334 | C30: 2 | G30: =F30/E30 -> #DIV/0! | H30: 45384 | I30: 리더MF1호 | J30: 4960
B31: 45335 | C31: 1 | H31: 45385 | I31: 리더MF2호 | J31: 5140
B32: 45338 | C32: 2 | H32: 45390 | I32: 프레쉬맥스제로육성돈 | J32: 5030
B33: 45342 | C33: 2 | H33: 45391 | I33: 리더MF2호 | J33: 10090
B34: 45343 | C34: 1 | H34: 45400 | I34: 프레쉬맥스제로육성돈 | J34: 3650
B35: 45344 | C35: 1 | H35: 45407 | I35: 리더MF2호 | J35: 2020
B36: 45346 | C36: 4 | H36: 45412 | I36: 리더MF2호 | J36: 4990
B37: 45350 | C37: 4
B38: 45353 | C38: 2
B39: 45356 | C39: 1
B40: 45375 | C40: 2
B41: 45380 | C41: 2
B42: 45383 | C42: 1
B43: 45385 | C43: 1
B44: 45393 | C44: 2
B45: 45426 | C45: 2
B46: 45428 | C46: 2
C47: 2
C59: =SUM(C12:C58) -> 69 | E59: =SUM(E12:E58) -> 804 | F59: =SUM(F12:F58) -> 89637.547 | G59: =F59/E59 -> 111.48949 | J59: =SUM(J12:J58) -> 216810
D65: 1월1주 | E65: 60
D66: 1월2주 | E66: 120
D67: 1월3주 | E67: 180
D68: 1월4주 | E68: 180
D69: 1월5주 | E69: 180

Sheet 진일농장2(0124)
A1: 농장명 : | B1: 진일농장(0124) | E1: =TODAY() -> 46325 | F1: =E1-B4 -> 1010
F2: 클레임적용 | O2: 클레임 | R2: 901
B3: 일자 | C3: 두수 | D3: 총체 | E3: 평체 | F3: 두수 | G3: 총체 | H3: 평체 | I3: 전입처 | J3: 출하예정일 | K3: 폐사두수 | L3: 총폐사율 | M3: 출하두수 | N3: 재고 | O3: 일자 | P3: 두수 | R3: =R2-Q4 -> 827
B4: 45315 | C4: 900 | D4: =4420+4750+4930+4220+4000 -> 22320 | E4: =D4/C4 -> 24.8 | F4: =C8-P8 -> 866 | G4: =D8-(D8/C8*P8) -> 21476.8 | H4: =G4/F4 -> 24.8 | I4: 익산 | J4: =B4+90 -> 45405 | K4: =C62 -> 147 | L4: =K8/F8 -> 0.16974596 | M4: =E62 -> 719 | N4: =F8-C62-E62 -> 0 | O4: 45315 | P4: 34 | Q4: =3+2+2+5+8+9+1+9+2+4+4+5+5+2+4+1+2+6 -> 74
J5: =B5+90 -> 90
B8: 계 | C8: =SUM(C4:C7) -> 900 | D8: =SUM(D4:D7) -> 22320 | E8: =D8/C8 -> 24.8 | F8: =SUM(F4) -> 866 | G8: =SUM(G4) -> 21476.8 | H8: =G8/F8 -> 24.8 | K8: =K4 -> 147 | L8: =L4 -> 0.16974596 | M8: =M4 -> 719 | N8: =N4 -> 0 | O8: =P8/C8 -> 0.037777778 | P8: =SUM(P4:P7) -> 34 | Q8: =P8-Q4 -> -40
G9: 21484 | I9: =F8*0.834 -> 722.244
B10: 폐사내역 | D10: 출하내역 | H10: 사료내역 | K10: 사료 두당 섭취량 | N10: 특이사항 | R10: 출하예상
B11: 일자 | C11: 두수 | D11: 일자 | E11: 두수 | F11: 총체 | G11: 평체 | H11: 일자 | I11: 품목 | J11: 중량 | K11: 품목 | L11: 총중량 | M11: 두당 섭취량 | N11: 일자 | O11: 내용 | R11: 주차 | S11: 두수
B12: 45322 | C12: 5 | D12: 45405 | E12: 51 | F12: 5500 | G12: =F12/E12 -> 107.84314 | H12: 45323 | I12: 윈맥스S트랜스 | J12: 10130 | K12: 윈맥스S트랜스 | L12: =SUMIF($I$12:$I$127,K12,$J$12:$J$127) -> 29970 | M12: =L12/$C$8 -> 33.3 | N12: 45315 | O12: 써코전체접종 | R12: 4월4주 | S12: 75
B13: 45323 | C13: 5 | D13: 45407 | E13: 24 | F13: =6050/56*E13 -> 2592.8571 | G13: =F13/E13 -> 108.03571 | H13: 45336 | I13: 리더MF1호 | J13: 5480 | K13: 리더MF1호 | L13: =SUMIF($I$12:$I$127,K13,$J$12:$J$127) -> 109310 | M13: =L13/$C$8 -> 121.45556 | N13: 45385 | O13: 구제역접종 | R13: 4월5주
B14: 45324 | C14: 1 | D14: 45421 | E14: 61 | F14: 6810 | G14: =F14/E14 -> 111.63934 | H14: 45342 | I14: 리더MF1호 | J14: 15130 | K14: 리더MF2호 | L14: =SUMIF($I$12:$I$127,K14,$J$12:$J$127) -> 30170 | M14: =L14/$C$8 -> 33.522222 | R14: 5월1주
B15: 45326 | C15: 9 | D15: 45428 | E15: 70 | F15: 7920 | G15: =F15/E15 -> 113.14286 | H15: 45350 | I15: 리더MF1호 | J15: 10170 | K15: 프레쉬맥스제로육성돈 | L15: =SUMIF($I$12:$I$127,K15,$J$12:$J$127) -> 60940 | M15: =L15/$C$8 -> 67.711111 | R15: 5월2주 | S15: 61
B16: 45328 | C16: 4 | D16: 45435 | E16: 72 | F16: 8090 | G16: =F16/E16 -> 112.36111 | H16: 45357 | I16: 리더MF1호 | J16: 15240 | K16: 총량 | L16: =SUM(L12:L15) -> 230390 | M16: =L16/C8 -> 255.98889 | R16: 5월3주 | S16: 70
B17: 45329 | C17: 5 | D17: 45435 | E17: 31 | F17: 3650 | G17: =F17/E17 -> 117.74194 | H17: 45363 | I17: 리더MF1호 | J17: 8120 | R17: 5월4주 | S17: 173
B18: 45331 | C18: 6 | D18: 45435 | E18: 70 | F18: 8130 | G18: =F18/E18 -> 116.14286 | H18: 45363 | I18: 윈맥스S트랜스 | J18: 5990 | R18: 5월5주 | S18: 125
B19: 45334 | C19: 2 | D19: 45440 | E19: 60 | F19: 6610 | G19: =F19/E19 -> 110.16667 | H19: 45369 | I19: 리더MF1호 | J19: 10190 | K19: 예상FCR | L19: =(J62/I9)/(G62-H8) -> 3.6958668 | R19: 6월1주
B20: 45335 | C20: 7 | D20: 45440 | E20: 60 | F20: 6560 | G20: =F20/E20 -> 109.33333 | H20: 45374 | I20: 리더MF1호 | J20: 12100 | R20: 6월2주 | S20: 70
B21: 45337 | C21: 2 | D21: 45450 | E21: 61 | F21: 6740 | G21: =F21/E21 -> 110.4918 | H21: 45383 | I21: 프레쉬맥스제로육성돈 | J21: 9150 | R21: 6월3주 | S21: 70
B22: 45338 | C22: 4 | D22: 45450 | E22: 60 | F22: 6490 | G22: =F22/E22 -> 108.16667 | H22: 45388 | I22: 리더MF1호 | J22: 10080 | R22: 6월4주 | S22: 70
B23: 45340 | C23: 2 | D23: 45456 | E23: 41 | F23: 4470 | G23: =F23/E23 -> 109.02439 | H23: 45391 | I23: 리더MF1호 | J23: 5030 | R23: 7월1주 | S23: 35
B24: 45341 | C24: 4 | D24: 45457 | E24: 29 | F24: 3180 | G24: =F24/E24 -> 109.65517 | H24: 45397 | I24: 프레쉬맥스제로육성돈 | J24: 7980
B25: 45344 | C25: 1 | D25: 45474 | E25: 21 | F25: 2260 | G25: =F25/E25 -> 107.61905 | H25: 45400 | I25: 프레쉬맥스제로육성돈 | J25: 6990
B26: 45346 | C26: 6 | D26: 45495 | E26: 8 | F26: =7970/72*E26 -> 885.55556 | G26: =F26/E26 -> 110.69444 | H26: 45404 | I26: 리더MF2호 | J26: 10050
B27: 45348 | C27: 3 | H27: 45411 | I27: 리더MF2호 | J27: 10080
B28: 45349 | C28: 2 | H28: 45416 | I28: 리더MF2호 | J28: 10040
B29: 45350 | C29: 4 | H29: 45421 | I29: 프레쉬맥스제로육성돈 | J29: 12360
B30: 45351 | C30: 1 | H30: 45427 | I30: 프레쉬맥스제로육성돈 | J30: 15050
B31: 45353 | C31: 7 | H31: 45432 | I31: 프레쉬맥스제로육성돈 | J31: 4430
B32: 45356 | C32: 1 | H32: 45439 | I32: 프레쉬맥스제로육성돈 | J32: 4980
B33: 45361 | C33: 4 | H33: 45446 | I33: 리더MF1호 | J33: 2650
B34: 45362 | C34: 3 | H34: 45447 | I34: 윈맥스S트랜스 | J34: 3010
B35: 45364 | C35: 1 | H35: 45450 | I35: 윈맥스S트랜스 | J35: 10000
B36: 45369 | C36: 2 | H36: 45370 | I36: 윈맥스S트랜스 | J36: 840
B37: 45375 | C37: 3 | H37: 45469 | I37: 리더MF1호 | J37: 5040
B38: 45383 | C38: 1 | H38: 45475 | I38: 리더MF1호 | J38: 5060
B39: 45392 | C39: 1 | H39: 45490 | I39: 리더MF1호 | J39: 5020
B40: 45394 | C40: 1
B41: 45398 | C41: 2
B42: 45399 | C42: 6
B43: 45400 | C43: 3
B44: 45403 | C44: 1
B45: 45404 | C45: 3
B46: 45411 | C46: 1
B47: 45412 | C47: 2
B48: 45414 | C48: 1
B49: 45415 | C49: 1
B50: 45418 | C50: 3
B51: 45420 | C51: 1
... B58: 45452 | C58: 1
C59: 12
C62: =SUM(C12:C61) -> 147 | E62: =SUM(E12:E61) -> 719 | F62: =SUM(F12:F61) -> 79888.413 | G62: =F62/E62 -> 111.11045 | J62: =SUM(J12:J61) -> 230390
D68: 1월1주 | E68: 60
D69: 1월2주 | E69: 120
D70: 1월3주 | E70: 180
D71: 1월4주 | E71: 180
D72: 1월5주 | E72: 180

Sheet 진일농장4(0215)
A1: 농장명 : | E1: =TODAY() -> 46325 | F1: =E1-B4 -> 988
F2: 클레임적용 | O2: 클레임 | R2: 910
B3: 일자 | C3: 두수 | D3: 총체 | E3: 평체 | F3: 두수 | G3: 총체 | H3: 평체 | I3: 전입처 | J3: 출하예정일 | K3: 폐사두수 | L3: 총폐사율 | M3: 출하두수 | N3: 재고 | O3: 일자 | P3: 두수 | R3: =R2-Q4 -> 901
B4: 45337 | C4: 910 | D4: =6670+7370+7080+6940+7280 -> 35340 | E4: =D4/C4 -> 38.835165 | F4: =C8-P8 -> 906 | G4: =D8-(D8/C8*P8) -> 35184.659 | H4: =G4/F4 -> 38.835165 | I4: 외부 | J4: =B4+90 -> 45427 | K4: =C63 -> 165 | L4: =K8/F8 -> 0.18211921 | M4: =E63 -> 741 | N4: =F8-C63-E63 -> 0 | O4: 45337 | P4: 4 | Q4: =2+3+2+2 -> 9
J5: =B5+90 -> 90
B8: 계 | C8: =SUM(C4:C7) -> 910 | D8: =SUM(D4:D7) -> 35340 | E8: =D8/C8 -> 38.835165 | F8: =SUM(F4) -> 906 | G8: =SUM(G4) -> 35184.659 | H8: =G8/F8 -> 38.835165 | K8: =K4 -> 165 | L8: =L4 -> 0.18211921 | M8: =M4 -> 741 | N8: =N4 -> 0 | O8: =P8/C8 -> 0.0043956044 | P8: =SUM(P4:P7) -> 4 | Q8: =P8-Q4 -> -5
G9: 35188 | I9: =F8*0.818 -> 741.108
B10: 폐사내역 | D10: 출하내역 | H10: 사료내역 | K10: 사료 두당 섭취량 | N10: 특이사항 | R10: 출하예상
B11: 일자 | C11: 두수 | D11: 일자 | E11: 두수 | F11: 총체 | G11: 평체 | H11: 일자 | I11: 품목 | J11: 중량 | K11: 품목 | L11: 총중량 | M11: 두당 섭취량 | N11: 일자 | O11: 내용 | R11: 주차 | S11: 두수
B12: 45347 | C12: 5 | D12: 45421 | E12: 36 | F12: 4010 | G12: =F12/E12 -> 111.38889 | H12: 45337 | I12: 윈맥스S트랜스 | J12: 9850 | K12: 윈맥스S트랜스 | L12: =SUMIF($I$12:$I$128,K12,$J$12:$J$128) -> 77130 | M12: =L12/$C$8 -> 84.758242 | R12: 5월2주 | S12: 36
B13: 45348 | C13: 1 | D13: 45428 | E13: 30 | F13: =6630/58*E13 -> 3429.3103 | G13: =F13/E13 -> 114.31034 | H13: 45345 | I13: 윈맥스S트랜스 | J13: 9830 | K13: 리더MF1호 | L13: =SUMIF($I$12:$I$128,K13,$J$12:$J$128) -> 0 | M13: =L13/$C$8 -> 0 | R13: 5월3주 | S13: 30
B14: 45351 | C14: 1 | D14: 45434 | E14: 60 | F14: 6920 | G14: =F14/E14 -> 115.33333 | H14: 45351 | I14: 윈맥스S트랜스 | J14: 9820 | K14: 리더MF2호 | L14: =SUMIF($I$12:$I$128,K14,$J$12:$J$128) -> 32210 | M14: =L14/$C$8 -> 35.395604 | R14: 5월4주 | S14: 60
B15: 45354 | C15: 2 | D15: 45441 | E15: 65 | F15: 7390 | G15: =F15/E15 -> 113.69231 | H15: 45357 | I15: 윈맥스S트랜스 | J15: 4960 | K15: 프레쉬맥스제로육성돈 | L15: =SUMIF($I$12:$I$128,K15,$J$12:$J$128) -> 72240 | M15: =L15/$C$8 -> 79.384615 | R15: 5월5주 | S15: 131
B16: 45355 | C16: 1 | D16: 45441 | E16: 66 | F16: 7550 | G16: =F16/E16 -> 114.39394 | H16: 45362 | I16: 윈맥스S트랜스 | J16: 5040 | K16: 총량 | L16: =SUM(L12:L15) -> 181580 | M16: =L16/C8 -> 199.53846 | R16: 6월1주 | S16: 121
B17: 45361 | C17: 3 | D17: 45446 | E17: 61 | F17: 7010 | G17: =F17/E17 -> 114.91803 | H17: 45366 | I17: 윈맥스S트랜스 | J17: 2850 | R17: 6월2주 | S17: 70
B18: 45362 | C18: 4 | D18: 45446 | E18: 60 | F18: 6840 | G18: =F18/E18 -> 114 | H18: 45370 | I18: 윈맥스S트랜스 | J18: 9840 | R18: 6월3주 | S18: 120
B19: 45363 | C19: 2 | D19: 45453 | E19: 60 | F19: 7050 | G19: =F19/E19 -> 117.5 | H19: 45376 | I19: 윈맥스S트랜스 | J19: 9900 | K19: 예상FCR | L19: =(J63/I9)/(G63-H8) -> 3.27877 | R19: 6월4주 | S19: 60
B20: 45364 | C20: 6 | D20: 45453 | E20: 60 | F20: 6950 | G20: =F20/E20 -> 115.83333 | H20: 45384 | I20: 프레쉬맥스제로육성돈 | J20: 9970 | R20: 7월1주 | S20: 40
B21: 45365 | C21: 5 | D21: 45455 | E21: 53 | F21: 6220 | G21: =F21/E21 -> 117.35849 | H21: 45388 | I21: 프레쉬맥스제로육성돈 | J21: 5330 | R21: 7월2주
B22: 45367 | C22: 2 | D22: 45456 | E22: 40 | F22: 4690 | G22: =F22/E22 -> 117.25 | H22: 45391 | I22: 프레쉬맥스제로육성돈 | J22: 4990
B23: 45369 | C23: 2 | D23: 45460 | E23: 50 | F23: 5660 | G23: =F23/E23 -> 113.2 | H23: 45397 | I23: 프레쉬맥스제로육성돈 | J23: 10420
B24: 45371 | C24: 6 | D24: 45460 | E24: 47 | F24: 5140 | G24: =F24/E24 -> 109.3617 | H24: 45402 | I24: 프레쉬맥스제로육성돈 | J24: 10060
B25: 45372 | C25: 4 | D25: 45463 | E25: 36 | F25: 4040 | G25: =F25/E25 -> 112.22222 | H25: 45407 | I25: 리더MF2호 | J25: 5020
B26: 45375 | C26: 7 | D26: 45484 | E26: 17 | F26: 1250 | G26: =F26/E26 -> 73.529412 | H26: 45409 | I26: 리더MF2호 | J26: 10060
B27: 45376 | C27: 6 | G27: =F27/E27 -> #DIV/0! | H27: 45413 | I27: 리더MF2호 | J27: 10070
B28: 45377 | C28: 7 | G28: =F28/E28 -> #DIV/0! | H28: 45416 | I28: 프레쉬맥스제로육성돈 | J28: 4610
B29: 45380 | C29: 4 | G29: =F29/E29 -> #DIV/0! | H29: 45418 | I29: 프레쉬맥스제로육성돈 | J29: 6430
B30: 45383 | C30: 4 | G30: =F30/E30 -> #DIV/0! | H30: 45425 | I30: 리더MF2호 | J30: 7060
B31: 45384 | C31: 4 | H31: 45430 | I31: 프레쉬맥스제로육성돈 | J31: 10380
B32: 45385 | C32: 2 | H32: 45436 | I32: 프레쉬맥스제로육성돈 | J32: 10050
B33: 45386 | C33: 2 | H33: 45441 | I33: 윈맥스S트랜스 | J33: 10010
B34: 45389 | C34: 2 | H34: 45450 | I34: 윈맥스S트랜스 | J34: 5030
B35: 45390 | C35: 1
B36: 45392 | C36: 4
B37: 45393 | C37: 1
B38: 45394 | C38: 1
B39: 45398 | C39: 2
B40: 45399 | C40: 7
B41: 45400 | C41: 1
B42: 45403 | C42: 2
B43: 45404 | C43: 2
B44: 45405 | C44: 1
B45: 45407 | C45: 2
B46: 45411 | C46: 2
... B61: 45478 | C61: 2
C62: 23
C63: =SUM(C12:C62) -> 165 | E63: =SUM(E12:E62) -> 741 | F63: =SUM(F12:F62) -> 84149.31 | G63: =F63/E63 -> 113.56182 | J63: =SUM(J12:J62) -> 181580
D69: 1월1주 | E69: 60
D70: 1월2주 | E70: 120
D71: 1월3주 | E71: 180
D72: 1월4주 | E72: 180
D73: 1월5주 | E73: 180

Sheet 진일농장3(0327)
A1: 농장명 : | E1: =TODAY() -> 46325 | F1: =E1-B4 -> 947
F2: 클레임적용 | O2: 클레임 | R2: 901
B3: 일자 | C3: 두수 | D3: 총체 | E3: 평체 | F3: 두수 | G3: 총체 | H3: 평체 | I3: 전입처 | J3: 출하예정일 | K3: 폐사두수 | L3: 총폐사율 | M3: 출하두수 | N3: 재고 | O3: 일자 | P3: 두수 | R3: =R2-Q4 -> 874
B4: 45378 | C4: 901 | D4: 34030 | E4: =D4/C4 -> 37.769145 | F4: =C8-P8 -> 879 | G4: =D8-(D8/C8*P8) -> 33199.079 | H4: =G4/F4 -> 37.769145 | I4: 익산 | J4: =B4+90 -> 45468 | K4: =C59 -> 42 | L4: =K8/F8 -> 0.04778157 | M4: =E59 -> 837 | N4: =F8-C59-E59 -> 0 | O4: 45378 | P4: 22 | Q4: 27
J5: =B5+90 -> 90
B8: 계 | C8: =SUM(C4:C7) -> 901 | D8: =SUM(D4:D7) -> 34030 | E8: =D8/C8 -> 37.769145 | F8: =SUM(F4) -> 879 | G8: =SUM(G4) -> 33199.079 | H8: =G8/F8 -> 37.769145 | K8: =K4 -> 42 | L8: =L4 -> 0.04778157 | M8: =M4 -> 837 | N8: =N4 -> 0 | O8: =P8/C8 -> 0.024417314 | P8: =SUM(P4:P7) -> 22 | Q8: =P8-Q4 -> -5
G9: 33216 | I9: =F8*0.95 -> 835.05
B10: 폐사내역 | D10: 출하내역 | H10: 사료내역 | K10: 사료 두당 섭취량 | N10: 특이사항 | R10: 출하예상 | U10: 실출하
B11: 일자 | C11: 두수 | D11: 일자 | E11: 두수 | F11: 총체 | G11: 평체 | H11: 일자 | I11: 품목 | J11: 중량 | K11: 품목 | L11: 총중량 | M11: 두당 섭취량 | N11: 일자 | O11: 내용 | R11: 주차 | S11: 두수 | U11: 주차 | V11: 두수
B12: 45409 | C12: 3 | D12: 45455 | E12: 24 | F12: 2700 | G12: =F12/E12 -> 112.5 | H12: 45379 | I12: 윈맥스S트랜스 | J12: 7820 | K12: 윈맥스S트랜스 | L12: =SUMIF($I$12:$I$124,K12,$J$12:$J$124) -> 88330 | M12: =L12/$C$8 -> 98.035516 | N12: 45400 | O12: 플로르페니콜 전체주사 | R12: 6월2주 | S12: 24 | U12: 6월2주 | V12: 24
B13: 45418 | C13: 2 | D13: 45463 | E13: 45 | F13: 5030 | G13: =F13/E13 -> 111.77778 | H13: 45385 | I13: 윈맥스S트랜스 | J13: 9860 | K13: 리더MF1호 | L13: =SUMIF($I$12:$I$124,K13,$J$12:$J$124) -> 36330 | M13: =L13/$C$8 -> 40.321865 | R13: 6월3주 | S13: 45 | U13: 6월3주 | V13: 45
B14: 45421 | C14: 1 | D14: 45470 | E14: 44 | F14: 5050 | G14: =F14/E14 -> 114.77273 | H14: 45391 | I14: 윈맥스S트랜스 | J14: 8030 | K14: 리더MF2호 | L14: =SUMIF($I$12:$I$124,K14,$J$12:$J$124) -> 29160 | M14: =L14/$C$8 -> 32.36404 | R14: 6월4주 | S14: 100 | U14: 6월4주 | V14: 107
B15: 45424 | C15: 3 | D15: 45470 | E15: 63 | F15: 7000 | G15: =F15/E15 -> 111.11111 | H15: 45397 | I15: 윈맥스S트랜스 | J15: 4900 | K15: 프레쉬맥스제로육성돈 | L15: =SUMIF($I$12:$I$124,K15,$J$12:$J$124) -> 40130 | M15: =L15/$C$8 -> 44.539401 | R15: 7월1주 | S15: 120 | U15: 7월1주 | V15: 116
B16: 45432 | C16: 1 | D16: 45474 | E16: 70 | F16: 7740 | G16: =F16/E16 -> 110.57143 | H16: 45400 | I16: 윈맥스S트랜스 | J16: 4890 | K16: 총량 | L16: =SUM(L12:L15) -> 193950 | M16: =L16/C8 -> 215.26082 | R16: 7월2주 | S16: 100 | U16: 7월2주 | V16: 128
B17: 45434 | C17: 2 | D17: 45477 | E17: 46 | F17: 5090 | G17: =F17/E17 -> 110.65217 | H17: 45405 | I17: 프레쉬맥스제로육성돈 | J17: 11040 | R17: 7월3주 | S17: 120 | U17: 7월3주 | V17: 106
B18: 45440 | C18: 1 | D18: 45483 | E18: 56 | F18: 6240 | G18: =F18/E18 -> 111.42857 | H18: 45411 | I18: 리더MF1호 | J18: 5010 | R18: 7월4주 | S18: 50 | U18: 7월4주 | V18: 194
B19: 45442 | C19: 1 | D19: 45483 | E19: 72 | F19: 8010 | G19: =F19/E19 -> 111.25 | H19: 45412 | I19: 리더MF1호 | J19: 5040 | K19: 예상FCR | L19: =(J59/I9)/(G59-H8) -> 3.1579179 | R19: 7월5주 | U19: 7월5주 | V19: 70
B20: 45443 | C20: 1 | D20: 45490 | E20: 52 | F20: 5990 | G20: =F20/E20 -> 115.19231 | H20: 45415 | I20: 프레쉬맥스제로육성돈 | J20: 8020 | K20: 평균일당사료섭취량 | L20: =J35/419/7 -> 2.7378111 | R20: 8월1주 | S20: 120 | U20: 8월1주
B21: 45445 | C21: 2 | D21: 45490 | E21: 54 | F21: 6130 | G21: =F21/E21 -> 113.51852 | H21: 45420 | I21: 리더MF1호 | J21: 12110 | R21: 8월2주 | S21: 60 | U21: 8월2주
B22: 45446 | C22: 1 | D22: 45495 | E22: 64 | F22: =7970/72*E22 -> 7084.4444 | G22: =F22/E22 -> 110.69444 | H22: 45370 | I22: 윈맥스S트랜스 | J22: 840 | R22: 8월3주 | S22: 20 | U22: 8월3주 | V22: 40
B23: 45448 | C23: 1 | D23: 45495 | E23: 70 | F23: 7840 | G23: =F23/E23 -> 112 | H23: 45429 | I23: 프레쉬맥스제로육성돈 | J23: 7990 | R23: 8월4주 | U23: 8월4주
B24: 45450 | C24: 2 | D24: 45499 | E24: 61 | F24: 6860 | G24: =F24/E24 -> 112.45902 | H24: 45433 | I24: 리더MF1호 | J24: 6080 | R24: 8월5주 | U24: 8월5주
B25: 45452 | C25: 3 | D25: 45503 | E25: 51 | F25: 5480 | G25: =F25/E25 -> 107.45098 | H25: 45433 | I25: 리더MF2호 | J25: 6050
B26: 45455 | C26: 1 | D26: 45511 | E26: 40 | F26: 4290 | G26: =F26/E26 -> 107.25 | H26: 45439 | I26: 리더MF2호 | J26: 12080 | L26: =L16-185860 -> 8090
B27: 45457 | C27: 1 | D27: 45518 | E27: 22 | F27: 2310 | G27: =F27/E27 -> 105
B28: 45460 | C28: 3 | D28: 45525 | E28: 3 | F28: =2740/25*E28 -> 328.8 | G28: =F28/E28 -> 109.6 | H28: 45444 | I28: 리더MF2호 | J28: 3000
B29: 45461 | C29: 1 | H29: 45447 | I29: 윈맥스S트랜스 | J29: 10060
B30: 45463 | C30: 2 | H30: 45453 | I30: 윈맥스S트랜스 | J30: 14940
B31: 45466 | C31: 1 | H31: 45460 | I31: 윈맥스S트랜스 | J31: 12000
B32: 45467 | C32: 2 | H32: 45465 | I32: 윈맥스S트랜스 | J32: 14990
B33: 45470 | C33: 1 | H33: 45474 | I33: 프레쉬맥스제로육성돈 | J33: 7030
B34: 45475 | C34: 1 | H34: 45476 | I34: 프레쉬맥스제로육성돈 | J34: 6050
B35: 45489 | C35: 2 | H35: 45484 | I35: 리더MF2호 | J35: 8030
B36: 45494 | C36: 1 | H36: 45502 | I36: 리더MF1호 | J36: 5020
B37: 45515 | C37: 2 | H37: 45521 | I37: 리더MF1호 | J37: 3070
C59: =SUM(C12:C58) -> 42 | E59: =SUM(E12:E58) -> 837 | F59: =SUM(F12:F58) -> 93173.244 | G59: =F59/E59 -> 111.31809 | J59: =SUM(J12:J58) -> 193950
D65: 1월1주 | E65: 60
D66: 1월2주 | E66: 120
D67: 1월3주 | E67: 180
D68: 1월4주 | E68: 180
D69: 1월5주 | E69: 180

Sheet 진일농장2(0424)
A1: 농장명 : | E1: =TODAY() -> 46325 | F1: =E1-B4 -> 919
F2: 클레임적용 | O2: 클레임 | R2: 901
B3: 일자 | C3: 두수 | D3: 총체 | E3: 평체 | F3: 두수 | G3: 총체 | H3: 평체 | I3: 전입처 | J3: 출하예정일 | K3: 폐사두수 | L3: 총폐사율 | M3: 출하두수 | N3: 재고 | O3: 일자 | P3: 두수 | R3: =R2-Q4 -> 887
B4: 45406 | C4: 900 | D4: =4090+4380+3610+3650+4070 -> 19800 | E4: =D4/C4 -> 22 | F4: =C8-P8 -> 889 | G4: =D8-(D8/C8*P8) -> 19558 | H4: =G4/F4 -> 22 | I4: 오케이 | J4: =B4+90 -> 45496 | K4: =C59 -> 56 | L4: =K8/F8 -> 0.062992126 | M4: =E59 -> 833 | N4: =F8-C59-E59 -> 0 | O4: 45406 | P4: 11 | Q4: 14
J5: =B5+90 -> 90
B8: 계 | C8: =SUM(C4:C7) -> 900 | D8: =SUM(D4:D7) -> 19800 | E8: =D8/C8 -> 22 | F8: =SUM(F4) -> 889 | G8: =SUM(G4) -> 19558 | H8: =G8/F8 -> 22 | K8: =K4 -> 56 | L8: =L4 -> 0.062992126 | M8: =M4 -> 833 | N8: =N4 -> 0 | O8: =P8/C8 -> 0.012222222 | P8: =SUM(P4:P7) -> 11 | Q8: =P8-Q4 -> -3
G9: 19558 | I9: =F8*0.95 -> 844.55
B10: 폐사내역 | D10: 출하내역 | H10: 사료내역 | K10: 사료 두당 섭취량 | N10: 특이사항 | R10: 출하예상 | U10: 출하예상
B11: 일자 | C11: 두수 | D11: 일자 | E11: 두수 | F11: 총체 | G11: 평체 | H11: 일자 | I11: 품목 | J11: 중량 | K11: 품목 | L11: 총중량 | M11: 두당 섭취량 | N11: 일자 | O11: 내용 | R11: 주차 | S11: 두수 | U11: 주차 | V11: 두수
B12: 45412 | C12: 1 | D12: 45511 | E12: 22 | F12: 2330 | G12: =F12/E12 -> 105.90909 | H12: 45407 | I12: 윈맥스S트랜스 | J12: 8050 | K12: 윈맥스S트랜스 | L12: =SUMIF($I$12:$I$124,K12,$J$12:$J$124) -> 120680 | M12: =L12/$C$8 -> 134.08889 | N12: 45461 | O12: 구제역 | R12: 7월5주 | S12: 50 | U12: 7월5주
B13: 45436 | C13: 1 | D13: 45518 | E13: 21 | F13: 2250 | G13: =F13/E13 -> 107.14286 | H13: 45415 | I13: 윈맥스S트랜스 | J13: 6870 | K13: 리더MF1호 | L13: =SUMIF($I$12:$I$124,K13,$J$12:$J$124) -> 17100 | M13: =L13/$C$8 -> 19 | R13: 8월1주 | U13: 8월1주
B14: 45438 | C14: 2 | D14: 45524 | E14: 19 | F14: 1430 | G14: =F14/E14 -> 75.263158 | H14: 45421 | I14: 윈맥스S트랜스 | J14: 10000 | K14: 리더MF2호 | L14: =SUMIF($I$12:$I$124,K14,$J$12:$J$124) -> 15480 | M14: =L14/$C$8 -> 17.2 | R14: 8월2주 | S14: 80 | U14: 8월2주 | V14: 22
B15: 45440 | C15: 2 | D15: 45525 | E15: 22 | F15: =2740/25*E15 -> 2411.2 | G15: =F15/E15 -> 109.6 | H15: 45429 | I15: 윈맥스S트랜스 | J15: 7000 | K15: 프레쉬맥스제로육성돈 | L15: =SUMIF($I$12:$I$124,K15,$J$12:$J$124) -> 66430 | M15: =L15/$C$8 -> 73.811111 | R15: 8월3주 | S15: 130 | U15: 8월3주 | V15: 21
B16: 45441 | C16: 3 | D16: 45531 | E16: 32 | F16: 3460 | G16: =F16/E16 -> 108.125 | H16: 45436 | I16: 윈맥스S트랜스 | J16: 4080 | K16: 총량 | L16: =SUM(L12:L15) -> 219690 | M16: =L16/F8 -> 247.12036 | R16: 8월4주 | S16: 130 | U16: 8월4주 | V16: 41
B17: 45442 | C17: 1 | D17: 45531 | E17: 31 | F17: 3470 | G17: =F17/E17 -> 111.93548 | H17: 45439 | I17: 윈맥스S트랜스 | J17: 3050 | R17: 8월5주 | S17: 120 | U17: 8월5주 | V17: 280
B18: 45445 | C18: 3 | D18: 45533 | E18: 61 | F18: 6170 | G18: =F18/E18 -> 101.14754 | H18: 45442 | I18: 프레쉬맥스제로육성돈 | J18: 10040 | R18: 9월1주 | S18: 80 | U18: 9월1주 | V18: 300
B19: 45446 | C19: 1 | D19: 45533 | E19: 59 | F19: 6150 | G19: =F19/E19 -> 104.23729 | H19: 45450 | I19: 프레쉬맥스제로육성돈 | J19: 9040 | K19: 예상FCR | L19: =(J59/I9)/(105.5-H8) -> 3.1152898 | R19: 9월2주 | S19: 120 | U19: 9월2주
B20: 45447 | C20: 2 | D20: 45534 | E20: 60 | F20: 6370 | G20: =F20/E20 -> 106.16667 | H20: 45457 | I20: 프레쉬맥스제로육성돈 | J20: 10090 | K20: 평균일당사료섭취량 | L20: =J40/(H40-H39)/N8 -> #DIV/0! | R20: 9월3주 | S20: 80 | U20: 9월3주 | V20: 50
B21: 45457 | C21: 1 | D21: 45534 | E21: 60 | F21: 6370 | G21: =F21/E21 -> 106.16667 | H21: 45463 | I21: 프레쉬맥스제로육성돈 | J21: 15110 | R21: 9월4주 | S21: 20 | U21: 9월4주
B22: 45460 | C22: 1 | D22: 45537 | E22: 45 | F22: 4850 | G22: =F22/E22 -> 107.77778 | H22: 45470 | I22: 프레쉬맥스제로육성돈 | J22: 8040 | R22: 9월5주 | U22: 9월5주
B23: 45461 | C23: 1 | D23: 45537 | E23: 44 | F23: 4960 | G23: =F23/E23 -> 112.72727 | H23: 45474 | I23: 프레쉬맥스제로육성돈 | J23: 8060 | R23: 10월1주 | S23: 20 | U23: 10월1주 | V23: 30
B24: 45462 | C24: 1 | D24: 45539 | E24: 63 | F24: 6390 | G24: =F24/E24 -> 101.42857 | H24: 45476 | I24: 프레쉬맥스제로육성돈 | J24: 6050 | R24: 10월1주 | U24: 10월1주
B25: 45463 | C25: 1 | D25: 45539 | E25: 28 | F25: 2800 | G25: =F25/E25 -> 100 | H25: 45482 | I25: 리더MF2호 | J25: 9420
B26: 45467 | C26: 1 | D26: 45539 | E26: 22 | F26: 2230 | G26: =F26/E26 -> 101.36364 | H26: 45490 | I26: 윈맥스S트랜스 | J26: 5000
B27: 45469 | C27: 1 | D27: 45545 | E27: 51 | F27: 5210 | G27: =F27/E27 -> 102.15686 | H27: 45493 | I27: 윈맥스S트랜스 | J27: 5930
B28: 45476 | C28: 1 | D28: 45561 | E28: 82 | F28: 8880 | G28: =F28/E28 -> 108.29268 | H28: 45497 | I28: 윈맥스S트랜스 | J28: 5930
B29: 45478 | C29: 2 | D29: 45575 | E29: 58 | F29: 6370 | G29: =F29/E29 -> 109.82759 | H29: 45500 | I29: 윈맥스S트랜스 | J29: 5900
B30: 45480 | C30: 1 | D30: 45579 | E30: 46 | F30: 5330 | G30: =F30/E30 -> 115.86957 | H30: 45505 | I30: 윈맥스S트랜스 | J30: 4930
B31: 45483 | C31: 2 | D31: 45587 | E31: 7 | F31: =5700/50*E31 -> 798 | G31: =F31/E31 -> 114 | H31: 45507 | I31: 리더MF2호 | J31: 6060
B32: 45490 | C32: 5 | H32: 45509 | I32: 윈맥스S트랜스 | J32: 5900
B33: 45491 | C33: 3 | H33: 45510 | I33: 윈맥스S트랜스 | J33: 9960
A34: 폭염 | B34: 45496 | C34: 7 | H34: 45517 | I34: 윈맥스S트랜스 | J34: 4900
B35: 45540 | C35: 4 | H35: 45520 | I35: 윈맥스S트랜스 | J35: 7900
B36: 45552 | C36: 3 | H36: 45527 | I36: 윈맥스S트랜스 | J36: 9870
B37: 45564 | C37: 1 | H37: 45531 | I37: 윈맥스S트랜스 | J37: 10210
B38: 45571 | C38: 3 | H38: 45534 | I38: 윈맥스S트랜스 | J38: 5200
C39: 1 | H39: 45545 | I39: 리더MF1호 | J39: 5000
H40: 45549 | I40: 리더MF1호 | J40: 3060
H41: 45554 | I41: 리더MF1호 | J41: 3040
H42: 45567 | I42: 리더MF1호 | J42: 3980
H43: 45570 | I43: 리더MF1호 | J43: 2020
C59: =SUM(C12:C58) -> 56 | E59: =SUM(E12:E58) -> 833 | F59: =SUM(F12:F58) -> 88229.2 | G59: =F59/E59 -> 105.91741 | J59: =SUM(J12:J58) -> 219690
D65: 1월1주 | E65: 60
D66: 1월2주 | E66: 120
D67: 1월3주 | E67: 180
D68: 1월4주 | E68: 180
D69: 1월5주 | E69: 180

Sheet 진일농장4(0602)
A1: 농장명 : | E1: =TODAY() -> 46325 | F1: =E1-B4 -> 880 | J1: =M16/F1 -> 0.26296306
F2: 클레임적용 | O2: 클레임 | R2: 900
B3: 일자 | C3: 두수 | D3: 총체 | E3: 평체 | F3: 두수 | G3: 총체 | H3: 평체 | I3: 전입처 | J3: 출하예정일 | K3: 폐사두수 | L3: 총폐사율 | M3: 출하두수 | N3: 재고 | O3: 일자 | P3: 두수 | R3: =R2-Q4 -> 882
B4: 45445 | C4: 900 | D4: =4510+4330+4190+3990+4070 -> 21090 | E4: =D4/C4 -> 23.433333 | F4: =C8-P8 -> 881 | G4: =D8-(D8/C8*P8) -> 20644.767 | H4: =G4/F4 -> 23.433333 | I4: 돈앤돈 | J4: =B4+90 -> 45535 | K4: =C59 -> 85 | L4: =K8/F8 -> 0.096481271 | M4: =E59 -> 796 | N4: =F8-C59-E59 -> 0 | O4: 45445 | P4: 19 | Q4: 18
J5: =B5+90 -> 90
B8: 계 | C8: =SUM(C4:C7) -> 900 | D8: =SUM(D4:D7) -> 21090 | E8: =D8/C8 -> 23.433333 | F8: =SUM(F4) -> 881 | G8: =SUM(G4) -> 20644.767 | H8: =G8/F8 -> 23.433333 | K8: =K4 -> 85 | L8: =L4 -> 0.096481271 | M8: =M4 -> 796 | N8: =N4 -> 0 | O8: =P8/C8 -> 0.021111111 | P8: =SUM(P4:P7) -> 19 | Q8: =P8-Q4 -> 1
G9: 20653 | I9: =F8*0.95 -> 836.95 | K9: =796+41 -> 837
B10: 폐사내역 | D10: 출하내역 | H10: 사료내역 | K10: 사료 두당 섭취량 | N10: 특이사항 | R10: 출하예상 | U10: 출하예상
B11: 일자 | C11: 두수 | D11: 일자 | E11: 두수 | F11: 총체 | G11: 평체 | H11: 일자 | I11: 품목 | J11: 중량 | K11: 품목 | L11: 총중량 | M11: 두당 섭취량 | N11: 일자 | O11: 내용 | R11: 주차 | S11: 두수 | U11: 주차 | V11: 두수
B12: 45464 | C12: 4 | D12: 45540 | E12: 25 | F12: 2680 | G12: =F12/E12 -> 107.2 | H12: 45444 | I12: 윈맥스S트랜스 | J12: 6050 | K12: 윈맥스S트랜스 | L12: =SUMIF($I$12:$I$124,K12,$J$12:$J$124) -> 40930 | M12: =L12/$C$8 -> 45.477778 | N12: 45469 | O12: 호흡기 | R12: 11월2주 | S12: 50
B13: 45466 | C13: 1 | D13: 45540 | E13: 25 | F13: 2700 | G13: =F13/E13 -> 108 | H13: 45451 | I13: 윈맥스S트랜스 | J13: 5020 | K13: 리더MF1호 | L13: =SUMIF($I$12:$I$124,K13,$J$12:$J$124) -> 26990 | M13: =L13/$C$8 -> 29.988889 | N13: 45496 | O13: 구제역 | R13: 11월3주
B14: 45471 | C14: 1 | D14: 45541 | E14: 35 | F14: 2110 | G14: =F14/E14 -> 60.285714 | H14: 45457 | I14: 윈맥스S트랜스 | J14: 5040 | K14: 리더MF2호 | L14: =SUMIF($I$12:$I$124,K14,$J$12:$J$124) -> 111850 | M14: =L14/$C$8 -> 124.27778 | R14: 11월4주
B15: 45474 | C15: 3 | D15: 45556 | E15: 32 | F15: 3460 | G15: =F15/E15 -> 108.125 | H15: 45461 | I15: 윈맥스S트랜스 | J15: 2960 | K15: 프레쉬맥스제로육성돈 | L15: =SUMIF($I$12:$I$124,K15,$J$12:$J$124) -> 24100 | M15: =L15/$C$8 -> 26.777778 | R15: 11월5주
B16: 45475 | C16: 1 | D16: 45566 | E16: 60 | F16: 6440 | G16: =F16/E16 -> 107.33333 | H16: 45469 | I16: 윈맥스S트랜스 | J16: 9960 | K16: 총량 | L16: =SUM(L12:L15) -> 203870 | M16: =L16/F8 -> 231.40749
B17: 45476 | C17: 1 | D17: 45566 | E17: 66 | F17: 7200 | G17: =F17/E17 -> 109.09091 | H17: 45475 | I17: 윈맥스S트랜스 | J17: 8850
B18: 45480 | C18: 3 | D18: 45572 | E18: 77 | F18: 8310 | G18: =F18/E18 -> 107.92208 | H18: 45484 | I18: 프레쉬맥스제로육성돈 | J18: 7050
B19: 45481 | C19: 3 | D19: 45572 | E19: 75 | F19: 7960 | G19: =F19/E19 -> 106.13333 | H19: 45489 | I19: 프레쉬맥스제로육성돈 | J19: 7970 | K19: 예상FCR | L19: =(J59/(M8+N8))/(G59-H8) -> 3.0678543
B20: 45487 | C20: 2 | D20: 45579 | E20: 43 | F20: 4800 | G20: =F20/E20 -> 111.62791 | H20: 45495 | I20: 리더MF2호 | J20: 8040 | K20: 평균일당사료섭취량 | L20: =J31/(H31-H30)/N8 -> #DIV/0!
B21: 45489 | C21: 2 | D21: 45581 | E21: 63 | F21: 6950 | G21: =F21/E21 -> 110.31746 | H21: 45502 | I21: 리더MF2호 | J21: 14120
B22: 45490 | C22: 2 | D22: 45587 | E22: 43 | F22: =5700/50*E22 -> 4902 | G22: =F22/E22 -> 114 | H22: 45507 | I22: 프레쉬맥스제로육성돈 | J22: 9080
B23: 45494 | C23: 3 | D23: 45587 | E23: 51 | F23: 5640 | G23: =F23/E23 -> 110.58824 | H23: 45512 | I23: 리더MF2호 | J23: 10060 | L23: 2.95
B24: 45496 | C24: 3 | D24: 45590 | E24: 51 | F24: 5530 | G24: =F24/E24 -> 108.43137 | H24: 45517 | I24: 리더MF2호 | J24: 8080
B25: 45504 | C25: 2 | D25: 45590 | E25: 38 | F25: 4030 | G25: =F25/E25 -> 106.05263
B26: 45509 | C26: 1 | D26: 45593 | E26: 54 | F26: 6090 | G26: =F26/E26 -> 112.77778 | H26: 45525 | I26: 리더MF2호 | J26: 10070
B27: 45510 | C27: 6 | D27: 45596 | E27: 40 | F27: 4330 | G27: =F27/E27 -> 108.25 | H27: 45531 | I27: 리더MF1호 | J27: 5030
B28: 45512 | C28: 1 | D28: 45602 | E28: 18 | F28: =3620/33*E28 -> 1974.5455 | G28: =F28/E28 -> 109.69697 | H28: 45534 | I28: 리더MF1호 | J28: 9950
B29: 45515 | C29: 1 | G29: =F29/E29 -> #DIV/0! | H29: 45540 | I29: 리더MF2호 | J29: 9960
B30: 45516 | C30: 2 | G30: =F30/E30 -> #DIV/0! | H30: 45545 | I30: 리더MF2호 | J30: 10030
B31: 45517 | C31: 1 | G31: =F31/E31 -> #DIV/0! | H31: 45549 | I31: 리더MF2호 | J31: 6960
B32: 45536 | C32: 4 | G32: =F32/E32 -> #DIV/0! | H32: 45554 | I32: 리더MF2호 | J32: 7060
B33: 45540 | C33: 2 | G33: =F33/E33 -> #DIV/0! | H33: 45562 | I33: 윈맥스S트랜스 | J33: 3050
B34: 45541 | C34: 1 | G34: =F34/E34 -> #DIV/0! | H34: 45562 | I34: 리더MF2호 | J34: 4050
B35: 45548 | C35: 1 | G35: =F35/E35 -> #DIV/0! | H35: 45566 | I35: 리더MF2호 | J35: 4020
B36: 45553 | C36: 1 | G36: =F36/E36 -> #DIV/0! | H36: 45570 | I36: 리더MF1호 | J36: 2020
B37: 45554 | C37: 1 | G37: =F37/E37 -> #DIV/0! | H37: 45570 | I37: 리더MF2호 | J37: 4010
B38: 45556 | C38: 1 | H38: 45573 | I38: 리더MF1호 | J38: 5020
B39: 45558 | C39: 1 | H39: 45582 | I39: 리더MF2호 | J39: 4940
B40: 45566 | C40: 5 | H40: 45586 | I40: 리더MF2호 | J40: 5470
B41: 45567 | C41: 5 | H41: 45588 | I41: 리더MF2호 | J41: 4980
B42: 45568 | C42: 3 | H42: 45607 | I42: 리더MF1호 | J42: 4970
B43: 45569 | C43: 2
B44: 45570 | C44: 2
B45: 45579 | C45: 3
B46: 45581 | C46: 1
B47: 45582 | C47: 2
B48: 45589 | C48: 4
B49: 45590 | C49: 3
C59: =SUM(C12:C58) -> 85 | E59: =SUM(E12:E58) -> 796 | F59: =SUM(F12:F58) -> 85106.545 | G59: =F59/E59 -> 106.91777 | J59: =SUM(J12:J58) -> 203870
D65: 1월1주 | E65: 60
D66: 1월2주 | E66: 120
D67: 1월3주 | E67: 180
D68: 1월4주 | E68: 180
D69: 1월5주 | E69: 180

Sheet 진일농장3(0704)
A1: 농장명 : | E1: =TODAY() -> 46325 | F1: =E1-B4 -> 848
F2: 클레임적용 | O2: 클레임 | R2: 903
B3: 일자 | C3: 두수 | D3: 총체 | E3: 평체 | F3: 두수 | G3: 총체 | H3: 평체 | I3: 전입처 | J3: 출하예정일 | K3: 폐사두수 | L3: 총폐사율 | M3: 출하두수 | N3: 재고 | O3: 일자 | P3: 두수 | R3: =R2-Q4 -> 852
B4: 45477 | C4: 903 | D4: =5450+5490+5390+5160+5080 -> 26570 | E4: =D4/C4 -> 29.424142 | F4: =C8-P8 -> 844 | G4: =D8-(D8/C8*P8) -> 24833.976 | H4: =G4/F4 -> 29.424142 | I4: 익산 | J4: =B4+90 -> 45567 | K4: =C59 -> 102 | L4: =K8/F8 -> 0.12085308 | M4: =E59 -> 742 | N4: =F8-C59-E59 -> 0 | O4: 45477 | P4: 59 | Q4: 51
J5: =B5+90 -> 90
B8: 계 | C8: =SUM(C4:C7) -> 903 | D8: =SUM(D4:D7) -> 26570 | E8: =D8/C8 -> 29.424142 | F8: =SUM(F4) -> 844 | G8: =SUM(G4) -> 24833.976 | H8: =G8/F8 -> 29.424142 | K8: =K4 -> 102 | L8: =L4 -> 0.12085308 | M8: =M4 -> 742 | N8: =N4 -> 0 | O8: =P8/C8 -> 0.065337763 | P8: =SUM(P4:P7) -> 59 | Q8: =P8-Q4 -> 8
G9: 24859 | I9: =784 -> 784
B10: 폐사내역 | D10: 출하내역 | H10: 사료내역 | K10: 사료 두당 섭취량 | N10: 특이사항 | R10: 출하예상
B11: 일자 | C11: 두수 | D11: 일자 | E11: 두수 | F11: 총체 | G11: 평체 | H11: 일자 | I11: 품목 | J11: 중량 | K11: 품목 | L11: 총중량 | M11: 두당 섭취량 | N11: 일자 | O11: 내용 | R11: 주차 | S11: 두수
B12: 45499 | C12: 5 | D12: 45575 | E12: 30 | F12: 3310 | G12: =F12/E12 -> 110.33333 | H12: 45476 | I12: 윈맥스S트랜스 | J12: 8940 | K12: 윈맥스S트랜스 | L12: =SUMIF($I$12:$I$124,K12,$J$12:$J$124) -> 27980 | M12: =L12/$C$8 -> 30.985604 | N12: 45477 | O12: 툴라젝트 | R12: 11월2주 | S12: 34
B13: 45503 | C13: 1 | D13: 45581 | E13: 64 | F13: 6990 | G13: =F13/E13 -> 109.21875 | H13: 45485 | I13: 윈맥스S트랜스 | J13: 9960 | K13: 리더MF1호 | L13: =SUMIF($I$12:$I$124,K13,$J$12:$J$124) -> 60440 | M13: =L13/$C$8 -> 66.932447 | R13: 11월3주 | S13: 43
B14: 45508 | C14: 2 | D14: 45586 | E14: 52 | F14: 5620 | G14: =F14/E14 -> 108.07692 | H14: 45493 | I14: 윈맥스S트랜스 | J14: 5930 | K14: 리더MF2호 | L14: =SUMIF($I$12:$I$124,K14,$J$12:$J$124) -> 74329 | M14: =L14/$C$8 -> 82.3134 | R14: 11월4주 | S14: 110
B15: 45513 | C15: 1 | D15: 45586 | E15: 48 | F15: 5390 | G15: =F15/E15 -> 112.29167 | H15: 45497 | I15: 리더MF2호 | J15: 1510 | K15: 프레쉬맥스제로육성돈 | L15: =SUMIF($I$12:$I$124,K15,$J$12:$J$124) -> 27090 | M15: =L15/$C$8 -> 30 | R15: 11월5주 | S15: 60
B16: 45515 | C16: 5 | D16: 45587 | E16: 21 | F16: 1280 | G16: =F16/E16 -> 60.952381 | H16: 45500 | I16: 프레쉬맥스제로육성돈 | J16: 10110 | K16: 총량 | L16: =SUM(L12:L15) -> 189839 | M16: =L16/F8 -> 224.92773 | R16: 12월1주 | S16: 20
B17: 45517 | C17: 3 | D17: 45588 | E17: 57 | F17: 6090 | G17: =F17/E17 -> 106.84211 | H17: 45507 | I17: 리더MF2호 | R17: 12월2주
B18: 45522 | C18: 4 | D18: 45588 | E18: 62 | F18: 7070 | G18: =F18/E18 -> 114.03226 | H18: 45509 | I18: 프레쉬맥스제로육성돈 | J18: 10110 | R18: 12월3주
B19: 45530 | C19: 1 | D19: 45593 | E19: 45 | F19: 4970 | G19: =F19/E19 -> 110.44444 | H19: 45517 | I19: 프레쉬맥스제로육성돈 | J19: 6870 | K19: 예상FCR | L19: =(J59/I9)/(G59-H8) -> 3.0301024 | R19: 12월4주
B20: 45534 | C20: 2 | D20: 45593 | E20: 41 | F20: 4390 | G20: =F20/E20 -> 107.07317 | H20: 45521 | I20: 리더MF2호 | J20: 1209 | K20: 평균일당사료섭취량 | L20: =J24/(H24-H23)/N8 -> #DIV/0!
B21: 45536 | C21: 4 | D21: 45596 | E21: 35 | F21: 3830 | G21: =F21/E21 -> 109.42857 | H21: 45530 | I21: 리더MF2호 | J21: 10000
B22: 45541 | C22: 3 | D22: 45602 | E22: 15 | F22: =3620/33*15 -> 1645.4545 | G22: =F22/E22 -> 109.69697 | H22: 45535 | I22: 리더MF1호 | J22: 10070
B23: 45545 | C23: 1 | D23: 45603 | E23: 19 | F23: 2090 | G23: =F23/E23 -> 110 | H23: 45541 | I23: 리더MF1호 | J23: 12100
B24: 45549 | C24: 1 | D24: 45610 | E24: 43 | F24: 4840 | G24: =F24/E24 -> 112.55814 | H24: 45547 | I24: 리더MF2호 | J24: 15050
B25: 45554 | C25: 2 | D25: 45616 | E25: 49 | F25: 5590 | G25: =F25/E25 -> 114.08163 | H25: 45549 | I25: 리더MF2호 | J25: 7300
B26: 45556 | C26: 2 | D26: 45617 | E26: 30 | F26: 3290 | G26: =F26/E26 -> 109.66667 | H26: 45555 | I26: 리더MF2호 | J26: 4040 | K26: 178150 | L26: =(K26/I9)/(G59-H8) -> 2.8435292
B27: 45562 | C27: 2 | D27: 45617 | E27: 31 | F27: 3540 | G27: =F27/E27 -> 114.19355 | H27: 45560 | I27: 리더MF1호 | J27: 10030
B28: 45566 | C28: 3 | D28: 45622 | E28: 21 | F28: 2330 | G28: =F28/E28 -> 110.95238 | H28: 45566 | I28: 윈맥스S트랜스 | J28: 3150
B29: 45567 | C29: 5 | D29: 45622 | E29: 17 | F29: 1850 | G29: =F29/E29 -> 108.82353 | H29: 45566 | I29: 리더MF2호 | J29: 5940
B30: 45568 | C30: 2 | D30: 45625 | E30: 22 | F30: 2550 | G30: =F30/E30 -> 115.90909 | H30: 45570 | I30: 리더MF2호 | J30: 8150 | L30: 259
B31: 45569 | C31: 7 | D31: 45630 | E31: 40 | F31: =7920/71*E31 -> 4461.9718 | G31: =F31/E31 -> 111.5493 | H31: 45577 | I31: 리더MF2호 | J31: 9940
B32: 45571 | C32: 8 | G32: =F32/E32 -> #DIV/0! | H32: 45577 | I32: 리더MF1호 | J32: 4950 | L32: 4970
B33: 45573 | C33: 2 | G33: =F33/E33 -> #DIV/0! | H33: 45586 | I33: 리더MF2호 | J33: 5470 | L33: =L32/L30/7 -> 2.7413127
B34: 45575 | C34: 2 | G34: =F34/E34 -> #DIV/0! | H34: 45586 | I34: 리더MF1호 | J34: 2970
B35: 45580 | C35: 3 | G35: =F35/E35 -> #DIV/0! | H35: 45593 | I35: 리더MF2호 | J35: 5720
B36: 45583 | C36: 3 | G36: =F36/E36 -> #DIV/0! | H36: 45593 | I36: 리더MF1호 | J36: 1990
B37: 45586 | C37: 2 | H37: 45601 | I37: 리더MF1호 | J37: 3390
B38: 45588 | C38: 2 | H38: 45607 | I38: 리더MF1호 | J38: 4970
B39: 45597 | C39: 8 | H39: 45614 | I39: 리더MF1호 | J39: 5020
B40: 45599 | C40: 3 | H40: 45624 | I40: 리더MF1호 | J40: 4950
B41: 45602 | C41: 2
B42: 45605 | C42: 2
B43: 45610 | C43: 1
B44: 45612 | C44: 1
B45: 45613 | C45: 1
B46: 45622
B47: 45624 | C47: 2
B48: 45625 | C48: 4
C59: =SUM(C12:C58) -> 102 | E59: =SUM(E12:E58) -> 742 | F59: =SUM(F12:F58) -> 81127.426 | G59: =F59/E59 -> 109.33615 | J59: =SUM(J12:J58) -> 189839
D65: 1월1주 | E65: 60
D66: 1월2주 | E66: 120
D67: 1월3주 | E67: 180
D68: 1월4주 | E68: 180
D69: 1월5주 | E69: 180

Sheet 잘커농장(0102)
A1: 농장명 : | B1: 잘커농장(김정기) | D1: =TODAY() -> 46325 | E1: =D1-B4 -> 1032 | H1: =B4+40 -> 45333 | J1: =D15-B4 -> 108 | T1: 45156
F2: 클레임적용 | O2: 클레임 | R2: 306 | T2: 45250
B3: 일자 | C3: 두수 | D3: 총체 | E3: 평체 | F3: 두수 | G3: 총체 | H3: 평체 | I3: 전입처 | J3: 출하예정일 | K3: 폐사두수 | L3: 총폐사율 | M3: 출하두수 | N3: 재고 | O3: 일자 | P3: 두수 | R3: =R2-Q4 -> 281 | T3: =T2-T1 -> 94
B4: 45293 | C4: 327 | D4: =5850+3970 -> 9820 | E4: =D4/C4 -> 30.030581 | F4: =C8-P8 -> 319 | G4: =D8-(D8/C8*P8) -> 9579.7554 | H4: =G4/F4 -> 30.030581 | I4: 익산 | J4: =B4+90 -> 45383 | K4: =C59 -> 15 | L4: =K8/F8 -> 0.047021944 | M4: =E59 -> 304 | N4: =F8-C59-E59 -> 0 | O4: 45293 | P4: 8 | Q4: =5+1+1+1+2+2+11+1+1 -> 25 | R4: 10
E5: =D5/C5 -> #DIV/0! | J5: =B5+90 -> 90
B8: 계 | C8: =SUM(C4:C7) -> 327 | D8: =SUM(D4:D7) -> 9820 | E8: =D8/C8 -> 30.030581 | F8: =SUM(F4) -> 319 | G8: =SUM(G4) -> 9579.7554 | H8: =G8/F8 -> 30.030581 | K8: =K4 -> 15 | L8: =L4 -> 0.047021944 | M8: =M4 -> 304 | N8: =N4 -> 0 | O8: =P8/C8 -> 0.024464832 | P8: =SUM(P4:P7) -> 8 | Q8: =P8-Q4 -> -17
G9: 9580 | I9: =F8*0.953 -> 304.007
B10: 폐사내역 | D10: 출하내역 | H10: 사료내역 | K10: 사료 두당 섭취량 | N10: 특이사항 | R10: 출하예상
B11: 일자 | C11: 두수 | D11: 일자 | E11: 두수 | F11: 총체 | G11: 평체 | H11: 일자 | I11: 품목 | J11: 중량 | K11: 품목 | L11: 총중량 | M11: 두당 섭취량 | N11: 일자 | O11: 내용 | R11: 주차 | S11: 두수
B12: 45308 | C12: 1 | D12: 45378 | E12: 37 | F12: 4150 | G12: =F12/E12 -> 112.16216 | H12: 45289 | I12: 윈맥스S트랜스 | J12: 5030 | K12: 윈맥스S트랜스 | L12: =SUMIF($I$12:$I$124,K12,$J$12:$J$124) -> 10040 | M12: =L12/$C$8 -> 30.703364 | R12: 3월5주 | S12: 37
B13: 45341 | C13: 2 | D13: 45386 | E13: 45 | F13: 4950 | G13: =F13/E13 -> 110 | H13: 45297 | I13: 윈맥스S트랜스 | J13: 5010 | K13: 리더MF1호 | L13: =SUMIF($I$12:$I$124,K13,$J$12:$J$124) -> 37750 | M13: =L13/$C$8 -> 115.44343 | R13: 4월1주 | S13: 45 | U13: =270*59000 -> 15930000
B14: 45357 | C14: 2 | D14: 45398 | E14: 73 | F14: 8560 | G14: =F14/E14 -> 117.26027 | H14: 45306 | I14: 리더MF1호 | J14: 5140 | K14: 리더MF2호 | L14: =SUMIF($I$12:$I$124,K14,$J$12:$J$124) -> 30310 | M14: =L14/$C$8 -> 92.691131 | R14: 4월2주 | S14: 0
B15: 45365 | C15: 7 | D15: 45401 | E15: 75 | F15: 8370 | G15: =F15/E15 -> 111.6 | H15: 45313 | I15: 리더MF1호 | J15: 5060 | K15: 총량 | L15: =SUM(L12:L14) -> 78100 | M15: =L15/C8 -> 238.83792 | R15: 4월3주 | S15: 148
B16: 45368 | C16: 2 | D16: 45406 | E16: 28 | F16: 3050 | G16: =F16/E16 -> 108.92857 | H16: 45321 | I16: 리더MF1호 | J16: 4930 | R16: 4월4주 | S16: 28
B17: 45379 | C17: 1 | D17: 45420 | E17: 46 | F17: 5170 | G17: =F17/E17 -> 112.3913 | H17: 45328 | I17: 리더MF1호 | J17: 5560 | R17: 4월5주
G18: =F18/E18 -> #DIV/0! | H18: 45335 | I18: 리더MF1호 | J18: 5040 | K18: 예상FCR | L18: =(J59/I9)/(G59-H8) -> 3.1089178 | R18: 5월1주
G19: =F19/E19 -> #DIV/0! | H19: 45338 | I19: 리더MF1호 | J19: 1980 | R19: 5월2주 | S19: 46
G20: =F20/E20 -> #DIV/0! | H20: 45345 | I20: 리더MF1호 | J20: 5050
G21: =F21/E21 -> #DIV/0! | H21: 45353 | I21: 리더MF1호 | J21: 4990
G22: =F22/E22 -> #DIV/0! | H22: 45362 | I22: 리더MF2호 | J22: 5020
G23: =F23/E23 -> #DIV/0! | H23: 45367 | I23: 리더MF2호 | J23: 5080
G24: =F24/E24 -> #DIV/0! | H24: 45372 | I24: 리더MF2호 | J24: 3070
G25: =F25/E25 -> #DIV/0! | H25: 45376 | I25: 리더MF2호 | J25: 5050
G26: =F26/E26 -> #DIV/0! | H26: 45383 | I26: 리더MF2호 | J26: 5030
G27: =F27/E27 -> #DIV/0! | H27: 45390 | I27: 리더MF2호 | J27: 5060
G28: =F28/E28 -> #DIV/0! | H28: 45398 | I28: 리더MF2호 | J28: 2000
G29: =F29/E29 -> #DIV/0!
G30: =F30/E30 -> #DIV/0!
G31: =F31/E31 -> #DIV/0!
C59: =SUM(C12:C58) -> 15 | E59: =SUM(E12:E58) -> 304 | F59: =SUM(F12:F58) -> 34250 | G59: =F59/E59 -> 112.66447 | J59: =SUM(J12:J58) -> 78100
D62: 45246 | E62: 30
D63: 45253 | E63: 80
D64: 45262 | E64: 100
D65: 45269 | E65: 80 | J65: =81170-3000 -> 78170
I66: =113*302 -> 34126
I67: =I66-G9 -> 24546
I68: =J65/I67 -> 3.1846329

Sheet 잘커농장(0214)
A1: 농장명 : | B1: 잘커농장(김정기) | D1: =TODAY() -> 46325 | E1: =D1-B4 -> 989 | J1: =D16-B4 -> 111
F2: 클레임적용 | O2: 클레임 | T2: =704+327 -> 1031 | U2: =692+319 -> 1011
B3: 일자 | C3: 두수 | D3: 총체 | E3: 평체 | F3: 두수 | G3: 총체 | H3: 평체 | I3: 전입처 | J3: 출하예정일 | K3: 폐사두수 | L3: 총폐사율 | M3: 출하두수 | N3: 재고 | O3: 일자 | P3: 두수 | T3: 75 | U3: =39+15+3 -> 57
B4: 45336 | C4: 353 | D4: 11440 | E4: =D4/C4 -> 32.407932 | F4: =C8-P8 -> 692 | G4: =D8-(D8/C8*P8) -> 23217.386 | H4: =G4/F4 -> 33.551136 | I4: 익산 | J4: =B4+90 -> 45426 | K4: =C59 -> 45 | L4: =K8/F8 -> 0.065028902 | M4: =E59 -> 647 | N4: =F8-C59-E59 -> 0 | O4: 45336 | P4: 6 | Q4: 22 | R4: =C4-P4 -> 347 | T4: =461+304 -> 765 | U4: =U3/U2 -> 0.056379822
B5: 45349 | C5: 351 | D5: 12180 | E5: =D5/C5 -> 34.700855 | J5: =B5+90 -> 45439 | O5: 45349 | P5: 6 | Q5: 22
B8: 계 | C8: =SUM(C4:C7) -> 704 | D8: =SUM(D4:D7) -> 23620 | E8: =D8/C8 -> 33.551136 | F8: =SUM(F4) -> 692 | G8: =SUM(G4) -> 23217.386 | H8: =G8/F8 -> 33.551136 | K8: =K4 -> 45 | L8: =L4 -> 0.065028902 | M8: =M4 -> 647 | N8: =N4 -> 0 | O8: =P8/C8 -> 0.017045455 | P8: =SUM(P4:P7) -> 12 | Q8: =P8-Q4-Q5 -> -32
G9: 23217 | I9: =F8*0.935 -> 647.02
B10: 폐사내역 | D10: 출하내역 | H10: 사료내역 | K10: 사료 두당 섭취량 | N10: 특이사항 | R10: 출하예상
B11: 일자 | C11: 두수 | D11: 일자 | E11: 두수 | F11: 총체 | G11: 평체 | H11: 일자 | I11: 품목 | J11: 중량 | K11: 품목 | L11: 총중량 | M11: 두당 섭취량 | N11: 일자 | O11: 내용 | R11: 주차 | S11: 두수
B12: 45349 | C12: 3 | D12: 45432 | E12: 70 | F12: 8070 | G12: =F12/E12 -> 115.28571 | H12: 45321 | I12: 윈맥스S트랜스 | J12: 4970 | K12: 윈맥스S트랜스 | L12: =SUMIF($I$12:$I$124,K12,$J$12:$J$124) -> 27670 | M12: =L12/$C$8 -> 39.303977 | R12: 5월2주
B13: 45357 | C13: 4 | D13: 45439 | E13: 84 | F13: 9670 | G13: =F13/E13 -> 115.11905 | H13: 45338 | I13: 윈맥스S트랜스 | J13: 4840 | K13: 리더MF1호 | L13: =SUMIF($I$12:$I$124,K13,$J$12:$J$124) -> 60590 | M13: =L13/$C$8 -> 86.065341 | R13: 5월3주 | U13: =270*59000 -> 15930000
B14: 45358 | C14: 4 | D14: 45442 | E14: 70 | F14: 7750 | G14: =F14/E14 -> 110.71429 | H14: 45345 | I14: 윈맥스S트랜스 | J14: 5010 | K14: 리더MF2호 | L14: =SUMIF($I$12:$I$124,K14,$J$12:$J$124) -> 67990 | M14: =L14/$C$8 -> 96.576705 | R14: 5월4주 | S14: 70
B15: 45362 | C15: 2 | D15: 45447 | E15: 55 | F15: 6280 | G15: =F15/E15 -> 114.18182 | H15: 45353 | I15: 윈맥스S트랜스 | J15: 4860 | K15: 프레쉬맥스제로육성돈 | L15: =SUMIF($I$12:$I$124,K15,$J$12:$J$124) -> 12350 | M15: =L15/$C$8 -> 17.542614 | R15: 5월5주 | S15: 154
B16: 45369 | C16: 2 | D16: 45447 | E16: 55 | F16: 6310 | G16: =F16/E16 -> 114.72727 | H16: 45353 | I16: 리더MF1호 | J16: 5010 | K16: 총량 | L16: =SUM(L12:L14) -> 156250 | M16: =L16/C8 -> 221.94602 | R16: 6월1주 | S16: 110
B17: 45375 | C17: 3 | D17: 45454 | E17: 63 | F17: 7290 | G17: =F17/E17 -> 115.71429 | H17: 45362 | I17: 리더MF1호 | J17: 5020 | R17: 6월2주
B18: 45379 | C18: 2 | D18: 45454 | E18: 64 | F18: 7480 | G18: =F18/E18 -> 116.875 | H18: 45367 | I18: 리더MF1호 | J18: 4080 | R18: 6월3주 | S18: 120
B19: 45383 | C19: 2 | D19: 45457 | E19: 65 | F19: 7220 | G19: =F19/E19 -> 111.07692 | H19: 45372 | I19: 리더MF1호 | J19: 3060 | K19: 예상FCR | L19: =(J59/I9)/(G59-H8) -> 3.2837331 | R19: 6월4주 | S19: 60
B20: 45385 | C20: 2 | D20: 45462 | E20: 59 | F20: 6400 | G20: =F20/E20 -> 108.47458 | H20: 45372 | I20: 리더MF1호 | J20: 5050 | R20: 7월1주 | S20: 50
B21: 45393 | C21: 2 | D21: 45471 | E21: 30 | F21: 3260 | G21: =F21/E21 -> 108.66667 | H21: 45379 | I21: 리더MF1호 | J21: =5040+5040 -> 10080
B22: 45399 | C22: 3 | D22: 45478 | E22: 32 | F22: 3320 | G22: =F22/E22 -> 103.75 | H22: 45383 | I22: 리더MF1호 | J22: 3020
B23: 45405 | C23: 1 | G23: =F23/E23 -> #DIV/0! | H23: 45386 | I23: 리더MF1호 | J23: =5040+5040 -> 10080
B24: 45414 | C24: 2 | G24: =F24/E24 -> #DIV/0! | H24: 45390 | I24: 리더MF1호 | J24: 5050
B25: 45419 | C25: 2 | G25: =F25/E25 -> #DIV/0! | H25: 45393 | I25: 리더MF1호 | J25: 5070
B26: 45424 | C26: 1 | G26: =F26/E26 -> #DIV/0! | H26: 45393 | I26: 리더MF1호 | J26: 5070
B27: 45433 | C27: 1 | G27: =F27/E27 -> #DIV/0! | H27: 45398 | I27: 프레쉬맥스제로육성돈 | J27: 5340
B28: 45443 | C28: 1 | G28: =F28/E28 -> #DIV/0! | H28: 45404 | I28: 프레쉬맥스제로육성돈 | J28: 7010
B29: 45446 | C29: 2 | G29: =F29/E29 -> #DIV/0! | H29: 45409 | I29: 리더MF2호 | J29: 5030
C30: 1 | G30: =F30/E30 -> #DIV/0! | H30: 45409 | I30: 리더MF2호 | J30: 5030
C31: 1 | G31: =F31/E31 -> #DIV/0! | H31: 45413 | I31: 리더MF2호 | J31: 5610
B32: 45467 | C32: 1 | G32: =F32/E32 -> #DIV/0! | H32: 45416 | I32: 리더MF2호 | J32: 3010
B33: 45478 | C33: 3 | H33: 45416 | I33: 리더MF2호 | J33: 5020
H34: 45416 | I34: 리더MF2호 | J34: 3020
H35: 45398 | I35: 리더MF2호 | J35: 3070
H36: 45423 | I36: 리더MF2호 | J36: 4980
H37: 45423 | I37: 리더MF2호 | J37: 5050
H38: 45423 | I38: 리더MF2호 | J38: 5040
H39: 45430 | I39: 리더MF2호 | J39: 5020
H40: 45430 | I40: 리더MF2호 | J40: 5030
H41: 45430 | I41: 리더MF2호 | J41: 5020
H42: 45437 | I42: 리더MF2호 | J42: 8060
H43: 45444 | I43: 윈맥스S트랜스 | J43: 3000
H44: 45450 | I44: 윈맥스S트랜스 | J44: 3030
H45: 45458 | I45: 윈맥스S트랜스 | J45: 1960
C59: =SUM(C12:C58) -> 45 | E59: =SUM(E12:E58) -> 647 | F59: =SUM(F12:F58) -> 73050 | G59: =F59/E59 -> 112.90572 | J59: =SUM(J12:J58) -> 168600
D62: 45246 | E62: 30
D63: 45253 | E63: 80
D64: 45262 | E64: 100
D65: 45269 | E65: 80
S73: =700 -> 700
S75: 25
S76: =S75/S73 -> 0.035714286
F77: =2040+6100 -> 8140
F78: =F77+460 -> 8600
S79: 487두
Q92: 112
Q93: =Q92/Q86 -> #DIV/0!

Sheet 진일농장2(0801)
A1: 농장명 : | E1: =TODAY() -> 46325 | F1: =E1-B4 -> 820 | J1: =149/30 -> 4.9666667
F2: 클레임적용 | O2: 클레임
B3: 일자 | C3: 두수 | D3: 총체 | E3: 평체 | F3: 두수 | G3: 총체 | H3: 평체 | I3: 전입처 | J3: 출하예정일 | K3: 폐사두수 | L3: 총폐사율 | M3: 출하두수 | N3: 재고 | O3: 일자 | P3: 두수
B4: 45505 | C4: 900 | D4: =4460+4180+4060+3240+3190+3170 -> 22300 | E4: =D4/C4 -> 24.777778 | F4: =C8-P8 -> 874 | G4: =D8-(D8/C8*P8) -> 21655.778 | H4: =G4/F4 -> 24.777778 | I4: 돈앤돈 | J4: =B4+90 -> 45595 | K4: =C76 -> 162 | L4: =K8/F8 -> 0.18535469 | M4: =E76 -> 706 | N4: =F8-C76-E76 -> 6 | O4: 45505 | P4: 26 | Q4: 26 | R4: 900
J5: =B5+90 -> 90 | R5: =R4-Q4 -> 874
B8: 계 | C8: =SUM(C4:C7) -> 900 | D8: =SUM(D4:D7) -> 22300 | E8: =D8/C8 -> 24.777778 | F8: =SUM(F4) -> 874 | G8: =SUM(G4) -> 21655.778 | H8: =G8/F8 -> 24.777778 | K8: =K4 -> 162 | L8: =L4 -> 0.18535469 | M8: =M4 -> 706 | N8: =N4 -> 6 | O8: =P8/C8 -> 0.028888889 | P8: =SUM(P4:P7) -> 26 | Q8: =P8-Q4 -> 0
G9: 21676 | I9: 730
B10: 폐사내역 | D10: 출하내역 | H10: 사료내역 | K10: 사료 두당 섭취량 | N10: 특이사항 | R10: 출하예상
B11: 일자 | C11: 두수 | D11: 일자 | E11: 두수 | F11: 총체 | G11: 평체 | H11: 일자 | I11: 품목 | J11: 중량 | K11: 품목 | L11: 총중량 | M11: 두당 섭취량 | N11: 일자 | O11: 내용 | R11: 주차 | S11: 두수
B12: 45534 | C12: 3 | D12: 45610 | E12: 25 | F12: 2830 | G12: =F12/E12 -> 113.2 | H12: 45505 | I12: 윈맥스S트랜스 | J12: 9950 | K12: 윈맥스S트랜스 | L12: =SUMIF($I$12:$I$141,K12,$J$12:$J$141) -> 51670 | M12: =L12/$C$8 -> 57.411111 | R12: 1월1주 | S12: 100
B13: 45539 | C13: 7 | D13: 45614 | E13: 55 | F13: 5880 | G13: =F13/E13 -> 106.90909 | H13: 45513 | I13: 윈맥스S트랜스 | J13: 10000 | K13: 리더MF1호 | L13: =SUMIF($I$12:$I$141,K13,$J$12:$J$141) -> 32050 | M13: =L13/$C$8 -> 35.611111 | R13: 1월2주
B14: 45541 | C14: 7 | D14: 45630 | E14: 31 | F14: =7920/71*E14 -> 3458.0282 | G14: =F14/E14 -> 111.5493 | H14: 45524 | I14: 윈맥스S트랜스 | J14: 9890 | K14: 리더MF2호 | L14: =SUMIF($I$12:$I$141,K14,$J$12:$J$141) -> 136330 | M14: =L14/$C$8 -> 151.47778 | R14: 1월3주 | S14: 100
B15: 45545 | C15: 7 | D15: 45630 | E15: 73 | F15: 8150 | G15: =F15/E15 -> 111.64384 | H15: 45535 | I15: 윈맥스S트랜스 | J15: 5230 | K15: 프레쉬맥스제로육성돈 | L15: =SUMIF($I$12:$I$141,K15,$J$12:$J$141) -> 0 | M15: =L15/$C$8 -> 0 | R15: 1월4주
B16: 45546 | C16: 6 | D16: 45635 | E16: 32 | F16: 3580 | G16: =F16/E16 -> 111.875 | H16: 45539 | I16: 리더MF2호 | J16: 5020 | K16: 총량 | L16: =SUM(L12:L15) -> 220050 | M16: =L16/F8 -> 251.77346
B17: 45548 | C17: 1 | D17: 45635 | E17: 35 | F17: 3970 | G17: =F17/E17 -> 113.42857 | H17: 45547 | I17: 리더MF2호 | J17: 15060
B18: 45549 | C18: 1 | D18: 45638 | E18: 35 | F18: 3850 | G18: =F18/E18 -> 110 | H18: 45554 | I18: 리더MF2호 | J18: 7050
B19: 45550 | C19: 3 | D19: 45638 | E19: 41 | F19: 4480 | G19: =F19/E19 -> 109.26829 | H19: 45562 | I19: 리더MF2호 | J19: 6040 | K19: 예상FCR | L19: =(J76/I9)/(G76-H8) -> 3.4927339
B20: 45553 | C20: 2 | D20: 45645 | E20: 50 | F20: 5730 | G20: =F20/E20 -> 114.6 | H20: 45562 | I20: 윈맥스S트랜스 | J20: 3610 | K20: 평균일당사료섭취량 | L20: =J18/(H18-H17)/N8 -> 167.85714
B21: 45554 | C21: 7 | D21: 45645 | E21: 41 | F21: 4580 | G21: =F21/E21 -> 111.70732 | H21: 45573 | I21: 리더MF2호 | J21: 10080
B22: 45556 | C22: 5 | D22: 45649 | E22: 42 | F22: 4900 | G22: =F22/E22 -> 116.66667 | H22: 45576 | I22: 리더MF1호 | J22: 7010
B23: 45560 | C23: 2 | D23: 45652 | E23: 24 | F23: 2720 | G23: =F23/E23 -> 113.33333 | H23: 45576 | I23: 윈맥스S트랜스 | J23: 3700
B24: 45561 | C24: 2 | D24: 45652 | E24: 23 | F24: =1580-170 -> 1410 | G24: =F24/E24 -> 61.304348 | H24: 45584 | I24: 리더MF2호 | J24: 9830
B25: 45562 | C25: 1 | D25: 45660 | E25: 43 | F25: 5140 | G25: =F25/E25 -> 119.53488 | H25: 45589 | I25: 리더MF1호 | J25: 4990
B26: 45566 | C26: 6 | D26: 45665 | E26: 106 | F26: 12186 | G26: =F26/E26 -> 114.96226 | H26: 45589 | I26: 리더MF2호 | J26: 10000
B27: 45567 | C27: 5 | D27: 45673 | E27: 50 | F27: 5560 | G27: =F27/E27 -> 111.2 | H27: 45595 | I27: 리더MF1호 | J27: 4960
B28: 45568 | C28: 1 | G28: =F28/E28 -> #DIV/0! | H28: 45595 | I28: 리더MF2호 | J28: 9700
B29: 45570 | C29: 4 | G29: =F29/E29 -> #DIV/0! | H29: 45607 | I29: 리더MF1호 | J29: 3000
B30: 45571 | C30: 3 | G30: =F30/E30 -> #DIV/0! | H30: 45607 | I30: 리더MF2호 | J30: 6880
B31: 45572 | C31: 3 | G31: =F31/E31 -> #DIV/0! | H31: 45614 | I31: 윈맥스S트랜스 | J31: 2860
B32: 45573 | C32: 3 | H32: 45614 | I32: 리더MF2호 | J32: 7040
B33: 45574 | C33: 2 | H33: 45617 | I33: 윈맥스S트랜스 | J33: 3510
B34: 45575 | C34: 2 | H34: 45617 | I34: 리더MF2호 | J34: 7080
B35: 45577 | C35: 2 | H35: 45624 | I35: 윈맥스S트랜스 | J35: 2920
B36: 45579 | C36: 2 | H36: 45624 | I36: 리더MF2호 | J36: 6940
B37: 45580 | C37: 1 | H37: 45633 | I37: 리더MF1호 | J37: 3050 | L37: =J38+J37 -> 4720
B38: 45581 | C38: 2 | H38: 45633 | I38: 리더MF2호 | J38: 1670 | L38: =L37/535/7 -> 1.2603471
B39: 45584 | C39: 2 | H39: 45633 | I39: 리더MF2호 | J39: 7070
B40: 45586 | C40: 3 | H40: 45642 | I40: 리더MF1호 | J40: 9040
B41: 45588 | C41: 3 | H41: 45642 | I41: 리더MF2호 | J41: 7010
B42: 45591 | C42: 4 | H42: 45650 | I42: 리더MF2호 | J42: 4940
B43: 45593 | C43: 4 | H43: 45650 | I43: 리더MF2호 | J43: 5000
B44: 45594 | C44: 2 | H44: 46021 | I44: 리더MF2호 | J44: 4960
B45: 45596 | C45: 3 | H45: 45659 | I45: 리더MF2호 | J45: 4960
B46: 45598 | C46: 1
B47: 45603 | C47: 3
B48: 45604 | C48: 2
B49: 45605 | C49: 3
B50: 45606 | C50: 1
B51: 45607 | C51: 2
B52: 45610 | C52: 1
B53: 45611 | C53: 2
B54: 45613 | C54: 2
B55: 45617 | C55: 5
B56: 45619 | C56: 2
B57: 45621 | C57: 2
... B69: 45671 | C69: 1
C76: =SUM(C12:C75) -> 162 | E76: =SUM(E12:E75) -> 706 | F76: =SUM(F12:F75) -> 78424.028 | G76: =F76/E76 -> 111.08219 | J76: =SUM(J12:J75) -> 220050
D82: 1월1주 | E82: 60
D83: 1월2주 | E83: 120
D84: 1월3주 | E84: 180
D85: 1월4주 | E85: 180
D86: 1월5주 | E86: 180

Sheet 진일농장4(0913)
A1: 농장명 : | E1: =TODAY() -> 46325 | F1: =E1-B4 -> 777
F2: 클레임적용 | O2: 클레임
B3: 일자 | C3: 두수 | D3: 총체 | E3: 평체 | F3: 두수 | G3: 총체 | H3: 평체 | I3: 전입처 | J3: 출하예정일 | K3: 폐사두수 | L3: 총폐사율 | M3: 출하두수 | N3: 재고 | O3: 일자 | P3: 두수
B4: 45548 | C4: 900 | D4: =544+15204+6502 -> 22250 | E4: =D4/C4 -> 24.722222 | F4: =C8-P8 -> 856 | G4: =D8-(D8/C8*P8) -> 21162.222 | H4: =G4/F4 -> 24.722222 | I4: 해오름 | J4: =B4+90 -> 45638 | K4: =C108 -> 336 | L4: =K8/F8 -> 0.39252336 | M4: =E108 -> 520 | N4: =F8-C108-E108 -> 0 | O4: 45548 | P4: 44 | Q4: 20 | R4: 900
J5: =B5+90 -> 90 | R5: =R4-Q4 -> 880
B8: 계 | C8: =SUM(C4:C7) -> 900 | D8: =SUM(D4:D7) -> 22250 | E8: =D8/C8 -> 24.722222 | F8: =SUM(F4) -> 856 | G8: =SUM(G4) -> 21162.222 | H8: =G8/F8 -> 24.722222 | K8: =K4 -> 336 | L8: =L4 -> 0.39252336 | M8: =M4 -> 520 | N8: =N4 -> 0 | O8: =P8/C8 -> 0.048888889 | P8: =SUM(P4:P7) -> 44 | Q8: =P8-Q4 -> 24
G9: 21194 | I9: 591
B10: 폐사내역 | D10: 출하내역 | H10: 사료내역 | K10: 사료 두당 섭취량 | N10: 특이사항 | R10: 출하예상 | U10: 출하예상
B11: 일자 | C11: 두수 | D11: 일자 | E11: 두수 | F11: 총체 | G11: 평체 | H11: 일자 | I11: 품목 | J11: 중량 | K11: 품목 | L11: 총중량 | M11: 두당 섭취량 | N11: 일자 | O11: 내용 | R11: 주차 | S11: 두수 | U11: 주차 | V11: 두수
B12: 45560 | C12: 4 | G12: =F12/E12 -> #DIV/0! | H12: 45548 | I12: 윈맥스S트랜스 | J12: 6910 | K12: 윈맥스S트랜스 | L12: =SUMIF($I$12:$I$173,K12,$J$12:$J$173) -> 29600 | M12: =L12/$C$8 -> 32.888889 | R12: 1월1주 | S12: 20 | U12: 2월1주 | V12: 120
B13: 45561 | C13: 15 | D13: 45673 | E13: 69 | F13: 7900 | G13: =F13/E13 -> 114.49275 | H13: 45554 | I13: 윈맥스S트랜스 | J13: 2830 | K13: 리더MF1호 | L13: =SUMIF($I$12:$I$173,K13,$J$12:$J$173) -> 66770 | M13: =L13/$C$8 -> 74.188889 | R13: 1월2주 | S13: 70 | U13: 2월2주 | V13: 50
B14: 45563 | C14: 3 | D14: 45680 | E14: 49 | F14: 5660 | G14: =F14/E14 -> 115.5102 | H14: 45565 | I14: 윈맥스S트랜스 | J14: 10000 | K14: 리더MF2호 | L14: =SUMIF($I$12:$I$173,K14,$J$12:$J$173) -> 64050 | M14: =L14/$C$8 -> 71.166667 | R14: 1월3주 | S14: 80
B15: 45564 | C15: 8 | D15: 45681 | E15: 67 | F15: 7820 | G15: =F15/E15 -> 116.71642 | H15: 45576 | I15: 리더MF1호 | J15: 10010 | K15: 프레쉬맥스제로육성돈 | L15: =SUMIF($I$12:$I$173,K15,$J$12:$J$173) -> 4910 | M15: =L15/$C$8 -> 5.4555556 | R15: 1월4주 | S15: 120
B16: 45565 | C16: 4 | D16: 45682 | E16: 47 | F16: 5340 | G16: =F16/E16 -> 113.61702 | H16: 45582 | I16: 리더MF1호 | J16: 4950 | K16: 총량 | L16: =SUM(L12:L15) -> 165330 | M16: =L16/700 -> 236.18571 | R16: 1월5주
B17: 45566 | C17: 14 | D17: 45688 | E17: 50 | F17: 5680 | G17: =F17/E17 -> 113.6 | H17: 45591 | I17: 리더MF1호 | J17: 4990 | R17: 2월1주 | S17: 100
B18: 45567 | C18: 6 | D18: 45693 | E18: 62 | F18: 7300 | G18: =F18/E18 -> 117.74194 | H18: 45591 | I18: 리더MF2호 | J18: 4980 | R18: 2월2주 | S18: 120
B19: 45568 | C19: 4 | D19: 45701 | E19: 65 | F19: 7520 | G19: =F19/E19 -> 115.69231 | H19: 45603 | I19: 리더MF2호 | J19: 4980 | K19: 예상FCR | L19: =(J108/I9)/(113-H8) -> 3.1689311 | R19: 2월3주
B20: 45569 | C20: 7 | D20: 45701 | E20: 65 | F20: 7220 | G20: =F20/E20 -> 111.07692 | H20: 45611 | I20: 윈맥스S트랜스 | J20: 4910 | K20: 평균일당사료섭취량 | R20: 2월4주
B21: 45570 | C21: 5 | D21: 45707 | E21: 26 | F21: =7700/71*26 -> 2819.7183 | G21: =F21/E21 -> 108.4507 | H21: 45611 | I21: 리더MF2호 | J21: 5010
B22: 45571 | C22: 5 | D22: 45741 | E22: 20 | F22: =7500/65*E22 -> 2307.6923 | G22: =F22/E22 -> 115.38462 | H22: 45619 | I22: 리더MF1호 | J22: 4990
B23: 45572 | C23: 4 | G23: =F23/E23 -> #DIV/0! | H23: 45624 | I23: 윈맥스S트랜스 | J23: 4950
B24: 45573 | C24: 27 | G24: =F24/E24 -> #DIV/0! | H24: 45628 | I24: 리더MF2호 | J24: 8100
B25: 45574 | C25: 8 | G25: =F25/E25 -> #DIV/0! | H25: 45628 | I25: 리더MF1호 | J25: 1980 | L25: =(6920+2940)/501/6.5 -> 3.0277906
B26: 45577 | C26: 4 | H26: 45635 | I26: 리더MF1호 | J26: 4050 | L26: =11890/7/(N8+E12) -> #DIV/0!
B27: 45578 | C27: 3 | H27: 45635 | I27: 리더MF2호 | J27: 8110
B28: 45579 | C28: 2 | H28: 45644 | I28: 리더MF1호 | J28: 7020
B29: 45580 | C29: 2 | H29: 45644 | I29: 리더MF2호 | J29: 2990
B30: 45581 | C30: 3 | H30: 45652 | I30: 리더MF2호 | J30: 10060
B31: 45582 | C31: 2 | H31: 45659 | I31: 리더MF1호 | J31: 11890
B32: 45583 | C32: 7 | H32: 45666 | I32: 리더MF2호 | J32: 6920 | L32: =J34+J35 -> 8880
B33: 45584 | C33: 5 | H33: 45666 | I33: 리더MF1호 | J33: 2940 | L33: =L32/499/5.5 -> 3.235562
B34: 45585 | C34: 5 | H34: 45672 | I34: 리더MF1호 | J34: 2980
B35: 45586 | C35: 2 | H35: 45672 | I35: 리더MF2호 | J35: 5900
B36: 45588 | C36: 6 | H36: 45679 | I36: 리더MF1호 | J36: 2990 | L36: fgk
B37: 45589 | C37: 11 | H37: 45679 | I37: 리더MF2호 | J37: 7000
B38: 45590 | C38: 6 | H38: 45692 | I38: 프레쉬맥스제로육성돈 | J38: 4910
B39: 45591 | C39: 2 | H39: 45696 | I39: 리더MF1호 | J39: 3030
B40: 45592 | C40: 2 | H40: 45700 | I40: 리더MF1호 | J40: 4950
B41: 45593 | C41: 9
B42: 45594 | C42: 4
B43: 45595 | C43: 2
B44: 45596 | C44: 3
B45: 45597 | C45: 5
B46: 45598 | C46: 2
B47: 45600 | C47: 4
B48: 45601 | C48: 2
B49: 45602 | C49: 3
B50: 45603 | C50: 1
B51: 45604 | C51: 2
B52: 45605 | C52: 3
... B82: 45646 | C82: 4
C83: 5
B84: 45649 | C84: 2
B85: 45651 | C85: 1
B86: 45652 | C86: 4
B87: 45653 | C87: 2
B88: 45660 | C88: 1
B89: 45661 | C89: 1
B90: 45664 | C90: 3
B91: 45669 | C91: 1
B92: 45672 | C92: 1
B93: 45677 | C93: 3
B94: 45678 | C94: 1
B95: 45679 | C95: 2
... B100: 45700 | C100: 1
C101: 5
C108: =SUM(C12:C107) -> 336 | E108: =SUM(E12:E107) -> 520 | F108: =SUM(F12:F107) -> 59567.411 | G108: =F108/E108 -> 114.55271 | J108: =SUM(J12:J107) -> 165330
D114: 1월1주 | E114: 60
D115: 1월2주 | E115: 120
D116: 1월3주 | E116: 180
D117: 1월4주 | E117: 180
D118: 1월5주 | E118: 180

Sheet 진일농장3(1010)
A1: 농장명 : | E1: =TODAY() -> 46325 | F1: =E1-B4 -> 750
F2: 클레임적용 | O2: 클레임
B3: 일자 | C3: 두수 | D3: 총체 | E3: 평체 | F3: 두수 | G3: 총체 | H3: 평체 | I3: 전입처 | J3: 출하예정일 | K3: 폐사두수 | L3: 총폐사율 | M3: 출하두수 | N3: 재고 | O3: 일자 | P3: 두수
B4: 45575 | C4: 901 | D4: =4830+4970+4720+4840+4490 -> 23850 | E4: =D4/C4 -> 26.470588 | F4: =C8-P8 -> 858 | G4: =D8-(D8/C8*P8) -> 22711.765 | H4: =G4/F4 -> 26.470588 | I4: 익산 | J4: =B4+90 -> 45665 | K4: =C94 -> 360 | L4: =K8/F8 -> 0.41958042 | M4: =E94 -> 498 | N4: =F8-C94-E94 -> 0 | O4: 45575 | P4: 43 | Q4: 54 | R4: 900
J5: =B5+90 -> 90 | R5: =R4-Q4 -> 846
B8: 계 | C8: =SUM(C4:C7) -> 901 | D8: =SUM(D4:D7) -> 23850 | E8: =D8/C8 -> 26.470588 | F8: =SUM(F4) -> 858 | G8: =SUM(G4) -> 22711.765 | H8: =G8/F8 -> 26.470588 | K8: =K4 -> 360 | L8: =L4 -> 0.41958042 | M8: =M4 -> 498 | N8: =N4 -> 0 | O8: =P8/C8 -> 0.04772475 | P8: =SUM(P4:P7) -> 43 | Q8: =P8-Q4 -> -11 | W8: 45558 | X8: 5
G9: 22732 | I9: =F8*0.95 -> 815.1 | W9: 45559 | X9: 4
B10: 폐사내역 | D10: 출하내역 | H10: 사료내역 | K10: 사료 두당 섭취량 | N10: 특이사항 | R10: 출하예상 | U10: 출하예상 | W10: 45560 | X10: 4
B11: 일자 | C11: 두수 | D11: 일자 | E11: 두수 | F11: 총체 | G11: 평체 | H11: 일자 | I11: 품목 | J11: 중량 | K11: 품목 | L11: 총중량 | M11: 두당 섭취량 | N11: 일자 | O11: 내용 | R11: 주차 | S11: 두수 | U11: 주차 | V11: 두수 | W11: 45561 | X11: 15
B12: 45586 | C12: 11 | D12: 45691 | E12: 70 | F12: 8180 | G12: =F12/E12 -> 116.85714 | H12: 45579 | I12: 윈맥스S트랜스 | J12: 7420 | K12: 윈맥스S트랜스 | L12: =SUMIF($I$12:$I$159,K12,$J$12:$J$159) -> 21350 | M12: =L12/$C$8 -> 23.695893 | R12: 2월1주 | S12: 70 | W12: 45563 | X12: 3
B13: 45587 | C13: 20 | D13: 45698 | E13: 59 | F13: 6940 | G13: =F13/E13 -> 117.62712 | H13: 45593 | I13: 윈맥스S트랜스 | J13: 4990 | K13: 리더MF1호 | L13: =SUMIF($I$12:$I$159,K13,$J$12:$J$159) -> 30430 | M13: =L13/$C$8 -> 33.773585 | R13: 2월2주 | S13: 59 | W13: 45564 | X13: 8
B14: 45588 | C14: 15 | D14: 45707 | E14: 45 | F14: =7700/71*E14 -> 4880.2817 | G14: =F14/E14 -> 108.4507 | H14: 45601 | I14: 리더MF2호 | J14: 9970 | K14: 리더MF2호 | L14: =SUMIF($I$12:$I$159,K14,$J$12:$J$159) -> 128860 | M14: =L14/$C$8 -> 143.01887 | R14: 2월3주 | S14: 115
B15: 45589 | C15: 11 | D15: 45707 | E15: 70 | F15: 8010 | G15: =F15/E15 -> 114.42857 | H15: 45614 | I15: 리더MF2호 | J15: 7020 | K15: 프레쉬맥스제로육성돈 | L15: =SUMIF($I$12:$I$159,K15,$J$12:$J$159) -> 0 | M15: =L15/$C$8 -> 0 | R15: 2월4주 | S15: 90
B16: 45590 | C16: 14 | D16: 45715 | E16: 50 | F16: 5670 | G16: =F16/E16 -> 113.4 | H16: 45614 | I16: 윈맥스S트랜스 | J16: 4160 | K16: 총량 | L16: =SUM(L12:L15) -> 180640 | M16: =L16/700 -> 258.05714 | R16: 3월1주 | S16: 120
B17: 45591 | C17: 27 | D17: 45722 | E17: 55 | F17: 6180 | G17: =F17/E17 -> 112.36364 | H17: 45624 | I17: 윈맥스S트랜스 | J17: 4780 | R17: 3월2주
B18: 45592 | C18: 12 | D18: 45727 | E18: 20 | F18: 2390 | G18: =F18/E18 -> 119.5 | H18: 45629 | I18: 리더MF1호 | J18: 5450 | R18: 3월3주 | S18: 50
B19: 45593 | C19: 14 | D19: 45733 | E19: 50 | F19: 5800 | G19: =F19/E19 -> 116 | H19: 45632 | I19: 리더MF1호 | J19: 2990 | K19: 예상FCR | L19: =(J94/I9)/(113-H8) -> 2.5611752 | R19: 3월4주
B20: 45594 | C20: 14 | D20: 45736 | E20: 60 | F20: 6820 | G20: =F20/E20 -> 113.66667 | H20: 45632 | I20: 리더MF2호 | J20: 7040 | K20: 평균일당사료섭취량 | R20: 4월1주
B21: 45595 | C21: 13 | D21: 45741 | E21: 19 | F21: =7500/65*E21 -> 2192.3077 | G21: =F21/E21 -> 115.38462 | H21: 45642 | I21: 리더MF1호 | J21: 10020 | R21: 4월2주
B22: 45596 | C22: 7 | G22: =F22/E22 -> #DIV/0! | H22: 45647 | I22: 리더MF2호 | J22: 8000 | R22: 4월3주
B23: 45597 | C23: 8 | G23: =F23/E23 -> #DIV/0! | H23: 46021 | I23: 리더MF2호 | J23: 4960 | L23: =9980/539/6 -> 3.0859617 | R23: 4월4주
B24: 45598 | C24: 5 | G24: =F24/E24 -> #DIV/0! | H24: 45661 | I24: 리더MF2호 | J24: 6980 | L24: =6980/4.5/541 -> 2.8671185
B25: 45599 | C25: 5 | G25: =F25/E25 -> #DIV/0! | H25: 45667 | I25: 리더MF2호 | J25: 9980
B26: 45600 | C26: 9 | H26: 45673 | I26: 리더MF2호 | J26: 7000
B27: 45601 | C27: 18 | H27: 45678 | I27: 리더MF2호 | J27: 5980 | L27: =9980/N8/6 -> #DIV/0!
B28: 45602 | C28: 5 | H28: 45678 | I28: 리더MF1호 | J28: 3980
B29: 45603 | C29: 4 | H29: 45682 | I29: 리더MF2호 | J29: 12040
B30: 45604 | C30: 6 | H30: 45688 | I30: 리더MF2호 | J30: 6990
B31: 45605 | C31: 3 | H31: 45688 | I31: 리더MF1호 | J31: 3000
B32: 45606 | C32: 2 | H32: 45693 | I32: 리더MF2호 | J32: 11910
B33: 45607 | C33: 8 | H33: 45699 | I33: 리더MF2호 | J33: 6890
B34: 45609 | C34: 2 | H34: 45703 | I34: 리더MF2호 | J34: 4940
B35: 45610 | C35: 1 | H35: 45707 | I35: 리더MF2호 | J35: 5040
B36: 45611 | C36: 1 | H36: 45714 | I36: 리더MF2호 | J36: 7050
B37: 45612 | C37: 2 | H37: 45720 | I37: 리더MF2호 | J37: 7070
B38: 45613 | C38: 2
B39: 45614 | C39: 3
B40: 45615 | C40: 4
B41: 45616 | C41: 2
B42: 45617 | C42: 3
B43: 45618 | C43: 1
B44: 45619 | C44: 3
B45: 45621 | C45: 6 | H45: 45935 | I45: 리더MF1호 | J45: 4990
B46: 45622 | C46: 1
B47: 45624 | C47: 1
B48: 45625 | C48: 9
B49: 45627 | C49: 2
B50: 45628 | C50: 1
B51: 45630 | C51: 1
B52: 45635 | C52: 2
B53: 45636 | C53: 3
B54: 45637 | C54: 2
B55: 45638 | C55: 2
B56: 45640 | C56: 2
B57: 45641 | C57: 2
... B62: 45646 | C62: 1
C63: 5
B64: 45649 | C64: 3
B65: 45650 | C65: 1
B66: 45651 | C66: 1
B67: 45652 | C67: 1
B68: 45653 | C68: 1
B69: 45654 | C69: 3
B70: 45656 | C70: 3
B71: 45659 | C71: 2
B72: 45660 | C72: 2
B73: 45663 | C73: 2
B74: 45664 | C74: 1
B75: 45669 | C75: 4
... B90: 45722 | C90: 6
C94: =SUM(C12:C93) -> 360 | E94: =SUM(E12:E93) -> 498 | F94: =SUM(F12:F93) -> 57062.589 | G94: =F94/E94 -> 114.58351 | J94: =SUM(J12:J93) -> 180640
D100: 1월1주 | E100: 60
D101: 1월2주 | E101: 120
D102: 1월3주 | E102: 180
D103: 1월4주 | E103: 180
D104: 1월5주 | E104: 180

Sheet 잘커농장(0512)
A1: 농장명 : | B1: 잘커농장(김정기) | D1: 일령 | E1: =TODAY() -> 46325 | F1: =E1-B4 -> 901 | I1: 45504 | J1: =I1-B4 -> 80
F2: 클레임적용 | O2: 클레임
B3: 일자 | C3: 두수 | D3: 총체 | E3: 평체 | F3: 두수 | G3: 총체 | H3: 평체 | I3: 전입처 | J3: 출하예정일 | K3: 폐사두수 | L3: 총폐사율 | M3: 출하두수 | N3: 재고 | O3: 일자 | P3: 두수
B4: 45424 | C4: 300 | D4: =5050+5000 -> 10050 | E4: =D4/C4 -> 33.5 | F4: =C8-P8 -> 294 | G4: =D8-(D8/C8*P8) -> 9849 | H4: =G4/F4 -> 33.5 | I4: 한양 | J4: =B4+90 -> 45514 | K4: =C59 -> 30 | L4: =K8/F8 -> 0.10204082 | M4: =E59 -> 264 | N4: =F8-C59-E59 -> 0 | O4: 45424 | P4: 6 | Q4: 19 | R4: =C4-P4 -> 294 | T4: 2
E5: =D5/C5 -> #DIV/0! | J5: =B5+90 -> 90 | T5: 4
B8: 계 | C8: =SUM(C4:C7) -> 300 | D8: =SUM(D4:D7) -> 10050 | E8: =D8/C8 -> 33.5 | F8: =SUM(F4) -> 294 | G8: =SUM(G4) -> 9849 | H8: =G8/F8 -> 33.5 | K8: =K4 -> 30 | L8: =L4 -> 0.10204082 | M8: =M4 -> 264 | N8: =N4 -> 0 | O8: =P8/C8 -> 0.02 | P8: =SUM(P4:P7) -> 6 | Q8: =P8-Q4-Q5 -> -13
G9: 9852 | I9: =F8*0.93 -> 273.42
B10: 폐사내역 | D10: 출하내역 | H10: 사료내역 | K10: 사료 두당 섭취량 | N10: 특이사항 | R10: 출하예상 | U10: 출하예상
B11: 일자 | C11: 두수 | D11: 일자 | E11: 두수 | F11: 총체 | G11: 평체 | H11: 일자 | I11: 품목 | J11: 중량 | K11: 품목 | L11: 총중량 | M11: 두당 섭취량 | N11: 일자 | O11: 내용 | R11: 주차 | S11: 두수 | U11: 주차 | V11: 두수
B12: 45494 | C12: 6 | D12: 45504 | E12: 16 | F12: 1730 | G12: =F12/E12 -> 108.125 | H12: 45423 | I12: 윈맥스S트랜스 | J12: 4870 | K12: 윈맥스S트랜스 | L12: =SUMIF($I$12:$I$124,K12,$J$12:$J$124) -> 10930 | M12: =L12/$C$8 -> 36.433333 | R12: 7월5주 | S12: 16
A13: 폭염 | B13: 45496 | C13: 7 | D13: 45517 | E13: 28 | F13: 3110 | G13: =F13/E13 -> 111.07143 | H13: 45434 | I13: 윈맥스S트랜스 | J13: 3000 | K13: 리더MF1호 | L13: =SUMIF($I$12:$I$124,K13,$J$12:$J$124) -> 25030 | M13: =L13/$C$8 -> 83.433333 | R13: 8월2주
A14: 폭염 | B14: 45497 | C14: 1 | D14: 45525 | E14: 38 | F14: 4170 | G14: =F14/E14 -> 109.73684 | H14: 45434 | I14: 리더MF1호 | J14: 3010 | K14: 리더MF2호 | L14: =SUMIF($I$12:$I$124,K14,$J$12:$J$124) -> 32150 | M14: =L14/$C$8 -> 107.16667 | R14: 8월3주 | S14: 28
A15: 폭염 | B15: 45500 | C15: 3 | D15: 45532 | E15: 62 | F15: 6720 | G15: =F15/E15 -> 108.3871 | H15: 45444 | I15: 윈맥스S트랜스 | J15: 3060 | K15: 프레쉬맥스제로육성돈 | L15: =SUMIF($I$12:$I$124,K15,$J$12:$J$124) -> 0 | M15: =L15/$C$8 -> 0 | R15: 8월4주 | S15: 38
A16: 폭염 | B16: 45508 | C16: 1 | D16: 45539 | E16: 39 | F16: 4230 | G16: =F16/E16 -> 108.46154 | H16: 45444 | I16: 리더MF1호 | J16: 3000 | K16: 총량 | L16: =SUM(L12:L14) -> 68110 | M16: =L16/C8 -> 227.03333 | R16: 8월5주 | S16: 50
A17: 폭염 | B17: 45512 | C17: 1 | D17: 45539 | E17: 56 | F17: 6130 | G17: =F17/E17 -> 109.46429 | H17: 45450 | I17: 리더MF1호 | J17: 5020 | R17: 9월1주 | S17: 60
A18: 폭염 | B18: 45539 | C18: 2 | D18: 45560 | E18: 25 | F18: =3340/30*E18 -> 2783.3333 | G18: =F18/E18 -> 111.33333 | H18: 45458 | I18: 리더MF1호 | J18: 4970 | R18: 9월2주 | S18: 60
B19: 45544 | C19: 2 | G19: =F19/E19 -> #DIV/0! | H19: 45464 | I19: 리더MF1호 | J19: 4010 | K19: 예상FCR | L19: =(J59/I9)/(113-H8) -> 3.1333829 | R19: 9월3주
B20: 45566 | C20: 1 | G20: =F20/E20 -> #DIV/0! | H20: 45472 | I20: 리더MF1호 | J20: 5020 | K20: 평균일당사료섭취량 | L20: =J24/N8/5 -> #DIV/0! | R20: 9월4주 | S20: 10
B21: 45590 | C21: 3 | G21: =F21/E21 -> #DIV/0! | H21: 45481 | I21: 리더MF2호 | J21: 4050
B22: 45618 | C22: 1 | G22: =F22/E22 -> #DIV/0! | H22: 45490 | I22: 리더MF2호 | J22: 3980
B23: 45621 | C23: 2 | G23: =F23/E23 -> #DIV/0! | H23: 45499 | I23: 리더MF2호 | J23: 3020
G24: =F24/E24 -> #DIV/0! | H24: 45504 | I24: 리더MF2호 | J24: 3950
G25: =F25/E25 -> #DIV/0! | H25: 45512 | I25: 리더MF2호 | J25: 4050
G26: =F26/E26 -> #DIV/0! | H26: 45518 | I26: 리더MF2호 | J26: 4070
G27: =F27/E27 -> #DIV/0! | H27: 45528 | I27: 리더MF2호 | J27: 4010
G28: =F28/E28 -> #DIV/0! | H28: 45535 | I28: 리더MF2호 | J28: 5020
G29: =F29/E29 -> #DIV/0!
G30: =F30/E30 -> #DIV/0!
G31: =F31/E31 -> #DIV/0!
G32: =F32/E32 -> #DIV/0!
C59: =SUM(C12:C58) -> 30 | E59: =SUM(E12:E58) -> 264 | F59: =SUM(F12:F58) -> 28873.333 | G59: =F59/E59 -> 109.36869 | J59: =SUM(J12:J58) -> 68110
D62: 45246 | E62: 30
D63: 45253 | E63: 80
D64: 45262 | E64: 100
D65: 45269 | E65: 80
S73: =700 -> 700
S75: 25
S76: =S75/S73 -> 0.035714286
F77: =2040+6100 -> 8140
F78: =F77+460 -> 8600
S79: 487두
Q92: 112
Q93: =Q92/Q86 -> #DIV/0!

Sheet 잘커농장(0622)
A1: 농장명 : | B1: 잘커농장(김정기) | E1: =TODAY() -> 46325 | F1: =E1-B4 -> 860
F2: 클레임적용 | O2: 클레임
B3: 일자 | C3: 두수 | D3: 총체 | E3: 평체 | F3: 두수 | G3: 총체 | H3: 평체 | I3: 전입처 | J3: 출하예정일 | K3: 폐사두수 | L3: 총폐사율 | M3: 출하두수 | N3: 재고 | O3: 일자 | P3: 두수 | T3: 2.72
B4: 45465 | C4: 685 | D4: 17910 | E4: =D4/C4 -> 26.145985 | F4: =C8-P8 -> 671 | G4: =D8-(D8/C8*P8) -> 17543.956 | H4: =G4/F4 -> 26.145985 | I4: 신한양 | J4: =B4+90 -> 45555 | K4: =C59 -> 54 | L4: =K8/F8 -> 0.0804769 | M4: =E59 -> 608 | N4: =F8-C59-E59 -> 9 | O4: 45465 | P4: 14 | Q4: 13 | R4: =C4-P4 -> 671 | T4: 1.15
E5: =D5/C5 -> #DIV/0! | J5: =B5+90 -> 90
B8: 계 | C8: =SUM(C4:C7) -> 685 | D8: =SUM(D4:D7) -> 17910 | E8: =D8/C8 -> 26.145985 | F8: =SUM(F4) -> 671 | G8: =SUM(G4) -> 17543.956 | H8: =G8/F8 -> 26.145985 | K8: =K4 -> 54 | L8: =L4 -> 0.0804769 | M8: =M4 -> 608 | N8: =N4 -> 9 | O8: =P8/C8 -> 0.020437956 | P8: =SUM(P4:P7) -> 14 | Q8: =P8-Q4-Q5 -> 1
G9: 9852 | I9: =F8*0.95 -> 637.45
B10: 폐사내역 | D10: 출하내역 | H10: 사료내역 | K10: 사료 두당 섭취량 | N10: 특이사항 | R10: 출하예상
B11: 일자 | C11: 두수 | D11: 일자 | E11: 두수 | F11: 총체 | G11: 평체 | H11: 일자 | I11: 품목 | J11: 중량 | K11: 품목 | L11: 총중량 | M11: 두당 섭취량 | N11: 일자 | O11: 내용 | R11: 주차 | S11: 두수
A12: 2동 | B12: 45504 | C12: 1 | D12: 45560 | E12: 5 | F12: =3340/30*E12 -> 556.66667 | G12: =F12/E12 -> 111.33333 | H12: 45464 | I12: 윈맥스S트랜스 | J12: 3990 | K12: 윈맥스S트랜스 | L12: =SUMIF($I$12:$I$124,K12,$J$12:$J$124) -> 16930 | M12: =L12/$C$8 -> 24.715328 | R12: 11월2주 | S12: 120
A13: 폭염 | B13: 45508 | C13: 2 | D13: 45572 | E13: 30 | F13: 3320 | G13: =F13/E13 -> 110.66667 | H13: 45464 | I13: 윈맥스S트랜스 | J13: 3990 | K13: 리더MF1호 | L13: =SUMIF($I$12:$I$124,K13,$J$12:$J$124) -> 44060 | M13: =L13/$C$8 -> 64.321168 | R13: 11월3주 | S13: 100
A14: 폭염 | B14: 45515 | C14: 1 | D14: 45580 | E14: 75 | F14: 8130 | G14: =F14/E14 -> 108.4 | H14: 45472 | I14: 윈맥스S트랜스 | J14: 3950 | K14: 리더MF2호 | L14: =SUMIF($I$12:$I$124,K14,$J$12:$J$124) -> 88050 | M14: =L14/$C$8 -> 128.54015
A15: 폭염 | B15: 45519 | C15: 2 | D15: 45588 | E15: 60 | F15: 6640 | G15: =F15/E15 -> 110.66667 | H15: 45472 | I15: 윈맥스S트랜스 | J15: 5000 | K15: 프레쉬맥스제로육성돈 | L15: =SUMIF($I$12:$I$124,K15,$J$12:$J$124) -> 16860 | M15: =L15/$C$8 -> 24.613139
A16: 폭염 | B16: 45522 | C16: 2 | D16: 45588 | E16: 60 | F16: 6660 | G16: =F16/E16 -> 111 | H16: 45481 | I16: 프레쉬맥스제로육성돈 | J16: 5030 | K16: 총량 | L16: =SUM(L12:L15) -> 165900 | M16: =L16/C8 -> 242.18978
A17: 폭염 | B17: 45524 | C17: 2 | D17: 45590 | E17: 14 | F17: 870 | G17: =F17/E17 -> 62.142857 | H17: 45481 | I17: 프레쉬맥스제로육성돈 | J17: 4010
B18: 45525 | C18: 3 | D18: 45593 | E18: 61 | F18: 6770 | G18: =F18/E18 -> 110.98361 | H18: 45490 | I18: 프레쉬맥스제로육성돈 | J18: 4030
B19: 45529 | C19: 5 | D19: 45595 | E19: 62 | F19: 6760 | G19: =F19/E19 -> 109.03226 | H19: 45490 | I19: 프레쉬맥스제로육성돈 | J19: 3790 | K19: 예상FCR | L19: =(J59/I9)/(113-H8) -> 2.996473
B20: 45532 | C20: 2 | D20: 45595 | E20: 60 | F20: 6720 | G20: =F20/E20 -> 112 | H20: 45499 | I20: 리더MF2호 | J20: 3020 | K20: 평균일당사료섭취량 | L20: =J23*2/N8/5 -> 176
B21: 45539 | C21: 2 | D21: 45602 | E21: 60 | F21: 6700 | G21: =F21/E21 -> 111.66667 | H21: 45499 | I21: 리더MF2호 | J21: 3020
B22: 45544 | C22: 7 | D22: 45616 | E22: 61 | F22: 7130 | G22: =F22/E22 -> 116.88525 | H22: 45504 | I22: 리더MF1호 | J22: 3980
B23: 45547 | C23: 5 | D23: 45622 | E23: 60 | F23: 6510 | G23: =F23/E23 -> 108.5 | H23: 45504 | I23: 리더MF1호 | J23: 3960
B24: 45550 | C24: 2 | G24: =F24/E24 -> #DIV/0! | H24: 45512 | I24: 리더MF1호 | J24: 4030 | L24: 3.17
B25: 45552 | C25: 4 | G25: =F25/E25 -> #DIV/0! | H25: 45512 | I25: 리더MF1호 | J25: 4020
B26: 45555 | C26: 2 | G26: =F26/E26 -> #DIV/0! | H26: 45518 | I26: 리더MF1호 | J26: 4050
B27: 45559 | C27: 1 | G27: =F27/E27 -> #DIV/0! | H27: 45518 | I27: 리더MF1호 | J27: 4020
B28: 45565 | C28: 3 | G28: =F28/E28 -> #DIV/0! | H28: 45524 | I28: 리더MF1호 | J28: 5030
B29: 45570 | C29: 1 | G29: =F29/E29 -> #DIV/0! | H29: 45528 | I29: 리더MF1호 | J29: 4010
B30: 45575 | C30: 1 | G30: =F30/E30 -> #DIV/0! | H30: 45531 | I30: 리더MF2호 | J30: 5040
B31: 45581 | C31: 2 | G31: =F31/E31 -> #DIV/0! | H31: 45535 | I31: 리더MF2호 | J31: 3040
B32: 45588 | C32: 2 | G32: =F32/E32 -> #DIV/0! | H32: 45535 | I32: 리더MF2호 | J32: 4030
B33: 45593 | C33: 2 | G33: =F33/E33 -> #DIV/0! | H33: 45544 | I33: 리더MF2호 | J33: 4980
G34: =F34/E34 -> #DIV/0! | H34: 45544 | I34: 리더MF2호 | J34: 5000
G35: =F35/E35 -> #DIV/0! | H35: 45547 | I35: 리더MF2호 | J35: 4080
G36: =F36/E36 -> #DIV/0! | H36: 45554 | I36: 리더MF2호 | J36: 3990
G37: =F37/E37 -> #DIV/0! | H37: 45554 | I37: 리더MF2호 | J37: 3990
G38: =F38/E38 -> #DIV/0! | H38: 45558 | I38: 리더MF2호 | J38: 4990
G39: =F39/E39 -> #DIV/0! | H39: 45558 | I39: 리더MF2호 | J39: 3030
G40: =F40/E40 -> #DIV/0! | H40: 45566 | I40: 리더MF2호 | J40: 5020
H41: 45566 | I41: 리더MF2호 | J41: 5010
H42: 45572 | I42: 리더MF2호 | J42: 5040
H43: 45572 | I43: 리더MF2호 | J43: 5030
H44: 45579 | I44: 리더MF2호 | J44: 4980
H45: 45579 | I45: 리더MF2호 | J45: 4920
H46: 45583 | I46: 리더MF2호 | J46: 2960
H47: 45583 | I47: 리더MF2호 | J47: 3950
H48: 45591 | I48: 리더MF1호 | J48: 3000
H49: 45591 | I49: 리더MF1호 | J49: 4960
H50: 45603 | I50: 리더MF2호 | J50: 1480
H51: 45603 | I51: 리더MF1호 | J51: 1490
H52: 45611 | I52: 리더MF1호 | J52: 1510
H53: 45611 | I53: 리더MF2호 | J53: 1450
C59: =SUM(C12:C58) -> 54 | E59: =SUM(E12:E58) -> 608 | F59: =SUM(F12:F58) -> 66766.667 | G59: =F59/E59 -> 109.8136 | J59: =SUM(J12:J58) -> 165900
D62: 45246 | E62: 30
D63: 45253 | E63: 80
D64: 45262 | E64: 100
D65: 45269 | E65: 80
S73: =700 -> 700
S75: 25
S76: =S75/S73 -> 0.035714286
F77: =2040+6100 -> 8140
F78: =F77+460 -> 8600
S79: 487두
Q92: 112
Q93: =Q92/Q86 -> #DIV/0!

Sheet 한별농장(0110)
A1: 농장명 : | B1: 한별농장 | D1: =TODAY() -> 46325 | E1: =D1-B4 -> 1024 | J1: 4
F2: 클레임적용 | O2: 클레임 | R2: =489 -> 489
B3: 일자 | C3: 두수 | D3: 총체 | E3: 평체 | F3: 두수 | G3: 총체 | H3: 평체 | I3: 전입처 | J3: 출하예정일 | K3: 폐사두수 | L3: 총폐사율 | M3: 출하두수 | N3: 재고 | O3: 일자 | P3: 두수 | R3: 32 | S3: =R2-R3 -> 457 | T3: =522-190-54 -> 278
B4: 45301 | C4: 522 | D4: =4570+4290+5830 -> 14690 | E4: =D4/C4 -> 28.141762 | F4: =C8-P8 -> 506 | G4: =D8-(D8/C8*P8) -> 14239.732 | H4: =G4/F4 -> 28.141762 | I4: 익산 | J4: =B4+90 -> 45391 | K4: =C59 -> 183 | L4: =K8/F8 -> 0.36166008 | M4: =E59 -> 323 | N4: =F8-C59-E59 -> 0 | O4: 45301 | P4: 16 | Q4: =6+5+5+3+4+13+2+4+6+11 -> 59
E5: =D5/C5 -> #DIV/0! | J5: =B5+90 -> 90
E6: =D6/C6 -> #DIV/0!
E7: =D7/C7 -> #DIV/0!
B8: 계 | C8: =SUM(C4:C7) -> 522 | D8: =SUM(D4:D7) -> 14690 | E8: =D8/C8 -> 28.141762 | F8: =SUM(F4) -> 506 | G8: =SUM(G4) -> 14239.732 | H8: =G8/F8 -> 28.141762 | K8: =K4 -> 183 | L8: =L4 -> 0.36166008 | M8: =M4 -> 323 | N8: =N4 -> 0 | O8: =P8/C8 -> 0.030651341 | P8: =SUM(P4:P7) -> 16 | Q8: =P8-Q4-Q5-Q6 -> -43
G9: 14242 | I9: =F8*0.638 -> 322.828
B10: 폐사내역 | D10: 출하내역 | H10: 사료내역 | K10: 사료 두당 섭취량 | N10: 특이사항 | R10: 출하예상
B11: 일자 | C11: 두수 | D11: 일자 | E11: 두수 | F11: 총체 | G11: 평체 | H11: 일자 | I11: 품목 | J11: 중량 | K11: 품목 | L11: 총중량 | M11: 두당 섭취량 | N11: 일자 | O11: 내용 | R11: 주차 | S11: 두수
B12: 45306 | C12: 5 | D12: 45399 | E12: 54 | F12: 6260 | G12: =F12/E12 -> 115.92593 | H12: 45301 | I12: 윈맥스S트랜스 | J12: 5040 | K12: 윈맥스S트랜스 | L12: =SUMIF($I$12:$I$124,K12,$J$12:$J$124) -> 15100 | M12: =L12/$C$8 -> 28.927203 | R12: 4월3주 | S12: 54
B13: 45308 | C13: 5 | D13: 45407 | E13: 67 | F13: =3430+3890 -> 7320 | G13: =F13/E13 -> 109.25373 | H13: 45308 | I13: 윈맥스S트랜스 | J13: 5050 | K13: 리더MF1호 | L13: =SUMIF($I$12:$I$124,K13,$J$12:$J$124) -> 31360 | M13: =L13/$C$8 -> 60.076628 | R13: 4월4주 | S13: 67
B14: 45314 | C14: 15 | D14: 45407 | E14: 15 | F14: 900 | G14: =F14/E14 -> 60 | H14: 45317 | I14: 윈맥스S트랜스 | J14: 5010 | K14: 프레쉬맥스제로육성돈 | L14: =SUMIF($I$12:$I$124,K14,$J$12:$J$124) -> 8100 | M14: =L14/$C$8 -> 15.517241 | R14: 4월5주
B15: 45315 | C15: 4 | D15: 45414 | E15: 31 | F15: 3420 | G15: =F15/E15 -> 110.32258 | H15: 45329 | I15: 리더MF1호 | J15: 3060 | K15: 리더MF2호 | L15: =SUMIF($I$12:$I$124,K15,$J$12:$J$124) -> 35290 | M15: =L15/$C$8 -> 67.605364 | R15: 5월1주 | S15: 31
B16: 45316 | C16: 11 | D16: 45426 | E16: 56 | F16: 6290 | G16: =F16/E16 -> 112.32143 | H16: 45337 | I16: 리더MF1호 | J16: 3060 | K16: 총량 | L16: =SUM(L12:L15) -> 89850 | M16: =L16/C8 -> 172.12644 | R16: 5월2주
B17: 45317 | C17: 10 | D17: 45443 | E17: 39 | F17: =6880/60*E17 -> 4472 | G17: =F17/E17 -> 114.66667 | H17: 45341 | I17: 리더MF1호 | J17: 5060 | R17: 5월3주 | S17: 56
B18: 45318 | C18: 8 | D18: 45448 | E18: 30 | F18: 3420 | G18: =F18/E18 -> 114 | H18: 45349 | I18: 리더MF1호 | J18: 5060 | R18: 5월4주
B19: 45319 | C19: 25 | D19: 45475 | E19: 31 | F19: =4670/44*E19 -> 3290.2273 | G19: =F19/E19 -> 106.13636 | H19: 45356 | I19: 리더MF1호 | J19: 5050 | K19: 예상FCR | L19: =(J59/I9)/(G59-H8) -> 3.420454 | R19: 5월5주 | S19: 103
B20: 45320 | C20: 11 | G20: =F20/E20 -> #DIV/0! | H20: 45363 | I20: 리더MF1호 | J20: 5060 | L20: =J59/(323*110-G9) -> 4.2206877 | R20: 7월1주 | S20: 31
B21: 45321 | C21: 13 | G21: =F21/E21 -> #DIV/0! | H21: 45369 | I21: 리더MF1호 | J21: 5010
B22: 45322 | C22: 12 | G22: =F22/E22 -> #DIV/0! | H22: 45376 | I22: 리더MF2호 | J22: 5050
B23: 45323 | C23: 9 | G23: =F23/E23 -> #DIV/0! | H23: 45381 | I23: 프레쉬맥스제로육성돈 | J23: 2760
B24: 45324 | C24: 7 | H24: 45384 | I24: 프레쉬맥스제로육성돈 | J24: 5340
B25: 45325 | C25: 2 | H25: 45390 | I25: 리더MF2호 | J25: 5040
B26: 45326 | C26: 3 | H26: 45393 | I26: 리더MF2호 | J26: 5050
B27: 45327 | C27: 6 | H27: 45399 | I27: 리더MF2호 | J27: 5020
B28: 45329 | C28: 3 | H28: 45406 | I28: 리더MF2호 | J28: 3060
B29: 45331 | C29: 3 | H29: 45411 | I29: 리더MF2호 | J29: 1990
B30: 45332 | C30: 2 | H30: 45415 | I30: 리더MF2호 | J30: 3000
B31: 45335 | C31: 2 | H31: 45419 | I31: 리더MF2호 | J31: 1000
B32: 45339 | C32: 1 | H32: 45422 | I32: 리더MF2호 | J32: 910
B33: 45347 | C33: 1 | H33: 45425 | I33: 리더MF2호 | J33: 1080
B34: 45355 | C34: 1 | H34: 45428 | I34: 리더MF2호 | J34: 2100
B35: 45358 | C35: 2 | H35: 45435 | I35: 리더MF2호 | J35: 1990
B36: 45361 | C36: 1
B37: 45368 | C37: 1
B38: 45372 | C38: 2
B39: 45373 | C39: 1
B40: 45377 | C40: 1
B41: 45393 | C41: 2
B42: 45399 | C42: 1
B43: 45396 | C43: 5
B44: 45404 | C44: 2
B45: 45409 | C45: 2
B46: 45414 | C46: 1
B47: 45443 | C47: 2
B48: 45444 | C48: 1
C59: =SUM(C12:C58) -> 183 | E59: =SUM(E12:E58) -> 323 | F59: =SUM(F12:F58) -> 35372.227 | G59: =F59/E59 -> 109.51154 | J59: =SUM(J12:J58) -> 89850

Sheet 한별농장(0229)
A1: 농장명 : | B1: 한별농장 | D1: =TODAY() -> 46325 | E1: =D1-B4 -> 974
F2: 클레임적용 | M2: =184+248 -> 432 | O2: 클레임
B3: 일자 | C3: 두수 | D3: 총체 | E3: 평체 | F3: 두수 | G3: 총체 | H3: 평체 | I3: 전입처 | J3: 출하예정일 | K3: 폐사두수 | L3: 총폐사율 | M3: 출하두수 | N3: 재고 | O3: 일자 | P3: 두수 | R3: =323+392 -> 715 | T3: =29/C4 -> 0.064444444
B4: 45351 | C4: 450 | D4: 14330 | E4: =D4/C4 -> 31.844444 | F4: =C8-P8 -> 450 | G4: =D8-(D8/C8*P8) -> 14330 | H4: =G4/F4 -> 31.844444 | I4: 외부 | J4: =B4+90 -> 45441 | K4: =C59 -> 58 | L4: =K8/F8 -> 0.12888889 | M4: =E59 -> 392 | N4: =F8-C59-E59 -> 0 | R4: =R3*59000 -> 42185000
E5: =D5/C5 -> #DIV/0! | J5: =B5+90 -> 90 | T5: =L16-107350 -> 2950
E6: =D6/C6 -> #DIV/0!
E7: =D7/C7 -> #DIV/0!
B8: 계 | C8: =SUM(C4:C7) -> 450 | D8: =SUM(D4:D7) -> 14330 | E8: =D8/C8 -> 31.844444 | F8: =SUM(F4) -> 450 | G8: =SUM(G4) -> 14330 | H8: =G8/F8 -> 31.844444 | K8: =K4 -> 58 | L8: =L4 -> 0.12888889 | M8: =M4 -> 392 | N8: =N4 -> 0 | O8: =P8/C8 -> 0 | P8: =SUM(P4:P7) -> 0 | Q8: =P8-Q4-Q5-Q6 -> 0
G9: 14242 | I9: =F8*0.871 -> 391.95
B10: 폐사내역 | D10: 출하내역 | H10: 사료내역 | K10: 사료 두당 섭취량 | N10: 특이사항 | R10: 출하예상
B11: 일자 | C11: 두수 | D11: 일자 | E11: 두수 | F11: 총체 | G11: 평체 | H11: 일자 | I11: 품목 | J11: 중량 | K11: 품목 | L11: 총중량 | M11: 두당 섭취량 | N11: 일자 | O11: 내용 | R11: 주차 | S11: 두수
B12: 45358 | C12: 1 | D12: 45443 | E12: 21 | F12: =6880/60*E12 -> 2408 | G12: =F12/E12 -> 114.66667 | H12: 45351 | I12: 윈맥스S트랜스 | J12: 6030 | K12: 윈맥스S트랜스 | L12: =SUMIF($I$12:$I$124,K12,$J$12:$J$124) -> 41400 | M12: =L12/$C$8 -> 92 | R12: 5월5주 | S12: 82
B13: 45361 | C13: 4 | D13: 45443 | E13: 61 | F13: 6852 | G13: =F13/E13 -> 112.32787 | H13: 45360 | I13: 윈맥스S트랜스 | J13: 5860 | K13: 리더MF1호 | L13: =SUMIF($I$12:$I$124,K13,$J$12:$J$124) -> 9150 | M13: =L13/$C$8 -> 20.333333 | R13: 6월1주
B14: 45369 | C14: 1 | D14: 45467 | E14: 40 | F14: 4350 | G14: =F14/E14 -> 108.75 | H14: 45371 | I14: 윈맥스S트랜스 | J14: 8770 | K14: 리더MF2호 | L14: =SUMIF($I$12:$I$124,K14,$J$12:$J$124) -> 27230 | M14: =L14/$C$8 -> 60.511111 | R14: 6월2주
B15: 45371 | C15: 1 | D15: 45470 | E15: 35 | F15: 3900 | G15: =F15/E15 -> 111.42857 | H15: 45378 | I15: 리더MF1호 | J15: 3060 | K15: 프레쉬맥스제로육성돈 | L15: =SUMIF($I$12:$I$124,K15,$J$12:$J$124) -> 32520 | M15: =L15/$C$8 -> 72.266667 | R15: 6월3주
B16: 45372 | C16: 1 | D16: 45475 | E16: 13 | F16: =4670/44*E16 -> 1379.7727 | G16: =F16/E16 -> 106.13636 | H16: 45378 | I16: 리더MF1호 | J16: 3050 | K16: 총량 | L16: =SUM(L12:L15) -> 110300 | M16: =L16/C8 -> 245.11111 | R16: 6월4주
B17: 45377 | C17: 1 | D17: 45477 | E17: 32 | F17: 3400 | G17: =F17/E17 -> 106.25 | H17: 45384 | I17: 프레쉬맥스제로육성돈 | J17: =3000+3000 -> 6000 | R17: 6월5주 | S17: 20
B18: 45379 | C18: 2 | D18: 45484 | E18: 79 | F18: 8850 | G18: =F18/E18 -> 112.02532 | H18: 45393 | I18: 리더MF1호 | J18: 3040 | R18: 7월1주 | S18: 60
B19: 45386 | C19: 1 | D19: 45484 | E19: 29 | F19: 2050 | G19: =F19/E19 -> 70.689655 | H19: 45395 | I19: 프레쉬맥스제로육성돈 | J19: 4970 | K19: 예상FCR | L19: =(J59/I9)/(G59-H8) -> 3.7056826 | R19: 7월2주 | S19: 50
B20: 45392 | C20: 1 | D20: 45490 | E20: 36 | F20: 3920 | G20: =F20/E20 -> 108.88889 | H20: 45402 | I20: 프레쉬맥스제로육성돈 | J20: 2960 | R20: 7월3주 | S20: 40
B21: 45399 | C21: 1 | D21: 45490 | E21: 46 | F21: =6260/56*E21 -> 5142.1429 | G21: =F21/E21 -> 111.78571 | H21: 45402 | I21: 프레쉬맥스제로육성돈 | J21: 2950 | R21: 7월4주 | S21: 60
B22: 45400 | C22: 4 | G22: =F22/E22 -> #DIV/0! | H22: 45408 | I22: 리더MF2호 | J22: 3030 | R22: 7월5주 | S22: 40
B23: 45413 | C23: 2 | G23: =F23/E23 -> #DIV/0! | H23: 45408 | I23: 리더MF2호 | J23: 2030
B24: 45420 | C24: 2 | G24: =F24/E24 -> #DIV/0! | H24: 45414 | I24: 리더MF2호 | J24: 3070
B25: 45421 | C25: 1 | G25: =F25/E25 -> #DIV/0! | H25: 45414 | I25: 리더MF2호 | J25: 3050
B26: 45424 | C26: 1 | G26: =F26/E26 -> #DIV/0! | H26: 45419 | I26: 리더MF2호 | J26: 3030
B27: 45426 | C27: 1 | G27: =F27/E27 -> #DIV/0! | H27: 45419 | I27: 리더MF2호 | J27: 3040
B28: 45429 | C28: 2 | G28: =F28/E28 -> #DIV/0! | H28: 45425 | I28: 리더MF2호 | J28: 2000
B29: 45440 | C29: 2 | G29: =F29/E29 -> #DIV/0! | H29: 45425 | I29: 리더MF2호 | J29: 2950
B30: 45442 | C30: 1 | H30: 45429 | I30: 프레쉬맥스제로육성돈 | J30: 5010
B31: 45446 | C31: 2 | H31: 45429 | I31: 프레쉬맥스제로육성돈 | J31: 2950
B32: 45449 | C32: 3 | H32: 45436 | I32: 윈맥스S트랜스 | J32: 2970
B33: 45450 | C33: 2 | H33: 45439 | I33: 프레쉬맥스제로육성돈 | J33: 2970
B34: 45454 | C34: 1 | H34: 45442 | I34: 윈맥스S트랜스 | J34: 2940
B35: 45457 | C35: 2 | H35: 45450 | I35: 윈맥스S트랜스 | J35: 2000
B36: 45460 | C36: 3 | H36: 45450 | I36: 윈맥스S트랜스 | J36: 3010
B37: 45461 | C37: 1 | H37: 45455 | I37: 윈맥스S트랜스 | J37: 3090
B38: 45463 | C38: 2 | H38: 45455 | I38: 윈맥스S트랜스 | J38: 1970
B39: 45467 | C39: 2 | H39: 45465 | I39: 윈맥스S트랜스 | J39: 1870
B40: 45468 | C40: 2 | H40: 45465 | I40: 윈맥스S트랜스 | J40: 2890
B41: 45470 | C41: 1 | H41: 45472 | I41: 프레쉬맥스제로육성돈 | J41: 2000
... B44: 45481 | C44: 2 | H44: 45492 | I44: 리더MF2호 | J44: 2000
B45: 45483 | C45: 1
B46: 45489 | C46: 1
C59: =SUM(C12:C58) -> 58 | E59: =SUM(E12:E58) -> 392 | F59: =SUM(F12:F58) -> 42251.916 | G59: =F59/E59 -> 107.7855 | J59: =SUM(J12:J58) -> 110300

Sheet 가산농장(1005)
A1: 농장명 : | B1: 가산농장 | E1: =TODAY() -> 46325 | F1: =E1-B4 -> 755 | J1: =G4/F4*489 -> 11899
F2: 클레임적용 | O2: 클레임
B3: 일자 | C3: 두수 | D3: 총체 | E3: 평체 | F3: 두수 | G3: 총체 | H3: 평체 | I3: 전입처 | J3: 출하예정일 | K3: 폐사두수 | L3: 총폐사율 | M3: 출하두수 | N3: 재고 | O3: 일자 | P3: 두수
B4: 45570 | C4: 600 | D4: 14600 | E4: =D4/C4 -> 24.333333 | F4: =C8-P8 -> 589 | G4: =D8-(D8/C8*P8) -> 14332.333 | H4: =G4/F4 -> 24.333333 | I4: 돈앤돈 | J4: =B4+90 -> 45660 | K4: =C63 -> 28 | L4: =K8/F8 -> 0.0475382 | M4: =E63 -> 561 | N4: =F8-C63-E63 -> 0 | O4: 45570 | P4: 11 | Q4: 2 | R4: =C8-Q4 -> 598
E5: =D5/C5 -> #DIV/0! | J5: =B5+90 -> 90
E6: =D6/C6 -> #DIV/0! | J6: =B6+90 -> 90
E7: =D7/C7 -> #DIV/0!
B8: 계 | C8: =SUM(C4:C7) -> 600 | D8: =SUM(D4:D7) -> 14600 | E8: =D8/C8 -> 24.333333 | F8: =SUM(F4) -> 589 | G8: =SUM(G4) -> 14332.333 | H8: =G8/F8 -> 24.333333 | K8: =K4 -> 28 | L8: =L4 -> 0.0475382 | M8: =M4 -> 561 | N8: =N4 -> 0 | O8: =P8/C8 -> 0.018333333 | P8: =SUM(P4:P7) -> 11 | Q8: =P8-Q4-Q5-Q6 -> 9
G9: 13730 | I9: =F8*0.95 -> 559.55
B10: 폐사내역 | D10: 출하내역 | H10: 사료내역 | K10: 사료 두당 섭취량 | N10: 특이사항 | R10: 출하예상
B11: 일자 | C11: 두수 | D11: 일자 | E11: 두수 | F11: 총체 | G11: 평체 | H11: 일자 | I11: 품목 | J11: 중량 | K11: 품목 | L11: 총중량 | M11: 두당 섭취량 | N11: 일자 | O11: 내용 | R11: 주차 | S11: 두수
B12: 45588 | C12: 1 | D12: 45660 | E12: 61 | F12: 6650 | G12: =F12/E12 -> 109.01639 | H12: 45569 | I12: 윈맥스S트랜스 | J12: 5010 | K12: 윈맥스S트랜스 | L12: =SUMIF($I$12:$I$128,K12,$J$12:$J$128) -> 21680 | M12: =L12/$C$8 -> 36.133333 | R12: 1월1주 | S12: 61
B13: 45597 | C13: 3 | D13: 45665 | E13: 69 | F13: 8240 | G13: =F13/E13 -> 119.42029 | H13: 45576 | I13: 윈맥스S트랜스 | J13: 5010 | K13: 리더MF1호 | L13: =SUMIF($I$12:$I$128,K13,$J$12:$J$128) -> 23980 | M13: =L13/$C$8 -> 39.966667 | R13: 1월2주 | S13: 69
B14: 45606 | C14: 3 | D14: 45671 | E14: 70 | F14: 8020 | G14: =F14/E14 -> 114.57143 | H14: 45581 | I14: 윈맥스S트랜스 | J14: 5020 | K14: 리더MF2호 | L14: =SUMIF($I$12:$I$128,K14,$J$12:$J$128) -> 76520 | M14: =L14/$C$8 -> 127.53333 | R14: 1월3주 | S14: 140
B15: 45608 | C15: 2 | D15: 45671 | E15: 70 | F15: 7870 | G15: =F15/E15 -> 112.42857 | H15: 45591 | I15: 윈맥스S트랜스 | J15: 3010 | K15: 프레쉬맥스제로육성돈 | L15: =SUMIF($I$12:$I$128,K15,$J$12:$J$128) -> 17270 | M15: =L15/$C$8 -> 28.783333 | R15: 1월4주 | S15: 141
B16: 45611 | C16: 1 | D16: 45678 | E16: 70 | F16: 8250 | G16: =F16/E16 -> 117.85714 | H16: 45597 | I16: 리더MF1호 | J16: 2990 | K16: 총량 | L16: =SUM(L12:L15) -> 139450 | M16: =L16/F8 -> 236.75722 | R16: 1월5주
B17: 45625 | C17: 1 | D17: 45678 | E17: 71 | F17: 8260 | G17: =F17/E17 -> 116.33803 | H17: 45598 | I17: 리더MF1호 | J17: 3990 | R17: 2월1주 | S17: 145
B18: 45630 | C18: 2 | D18: 45692 | E18: 76 | F18: =9000/77*E18 -> 8883.1169 | G18: =F18/E18 -> 116.88312 | H18: 45603 | I18: 리더MF2호 | J18: 2990 | R18: 2월2주
B19: 45635 | C19: 1 | D19: 45692 | E19: 74 | F19: 8880 | G19: =F19/E19 -> 120 | H19: 45608 | I19: 윈맥스S트랜스 | J19: 1610 | K19: 예상FCR | L19: =(J63/I9)/(116-H8) -> 2.7187431 | R19: 2월3주
B20: 45665 | C20: 2 | G20: =F20/E20 -> #DIV/0! | H20: 45608 | I20: 리더MF1호 | J20: 3540 | K20: 평균일당사료섭취량 | L20: =J14/N8/7 -> #DIV/0! | R20: 2월4주
B21: 45671 | C21: 5 | G21: =F21/E21 -> #DIV/0! | H21: 45614 | I21: 리더MF1호 | J21: 2010
B22: 45678 | C22: 5 | G22: =F22/E22 -> #DIV/0! | H22: 45614 | I22: 프레쉬맥스제로육성돈 | J22: 3050
B23: 45683 | C23: 2 | G23: =F23/E23 -> #DIV/0! | H23: 45617 | I23: 리더MF1호 | J23: 1510
G24: =F24/E24 -> #DIV/0! | H24: 45617 | I24: 프레쉬맥스제로육성돈 | J24: 3550
G25: =F25/E25 -> #DIV/0! | H25: 45621 | I25: 리더MF2호 | J25: 4970
G26: =F26/E26 -> #DIV/0! | H26: 45625 | I26: 리더MF2호 | J26: 4990
G27: =F27/E27 -> #DIV/0! | H27: 45626 | I27: 윈맥스S트랜스 | J27: 2020
G28: =F28/E28 -> #DIV/0! | H28: 45629 | I28: 리더MF2호 | J28: 4980
G29: =F29/E29 -> #DIV/0! | H29: 45632 | I29: 리더MF2호 | J29: 4970
G30: =F30/E30 -> #DIV/0! | H30: 45636 | I30: 리더MF2호 | J30: 5020
G31: =F31/E31 -> #DIV/0! | H31: 45638 | I31: 리더MF2호 | J31: 4990
G32: =F32/E32 -> #DIV/0! | H32: 45640 | I32: 리더MF2호 | J32: 3020
G33: =F33/E33 -> #DIV/0! | H33: 45643 | I33: 리더MF2호 | J33: 4950
H34: 45646 | I34: 리더MF2호 | J34: 5940
H35: 45649 | I35: 리더MF2호 | J35: 4900
H36: 45652 | I36: 프레쉬맥스제로육성돈 | J36: 5910
H37: 45654 | I37: 프레쉬맥스제로육성돈 | J37: 4760
H38: 46022 | I38: 리더MF1호 | J38: 5000
H39: 45659 | I39: 리더MF1호 | J39: 4940
H40: 45661 | I40: 리더MF2호 | J40: 2970
H41: 45664 | I41: 리더MF2호 | J41: 4990
H42: 45666 | I42: 리더MF2호 | J42: 2990
H43: 45668 | I43: 리더MF2호 | J43: 1980
H44: 45670 | I44: 리더MF2호 | J44: 1950
H45: 45672 | I45: 리더MF2호 | J45: 1990
... H50: 45684 | I50: 리더MF2호 | J50: 990
C63: =SUM(C12:C61) -> 28 | E63: =SUM(E12:E61) -> 561 | F63: =SUM(F12:F61) -> 65053.117 | G63: =F63/E63 -> 115.95921 | J63: =SUM(J12:J61) -> 139450

Sheet 한별농장(0613)
A1: 농장명 : | B1: 한별농장 | E1: =TODAY() -> 46325 | F1: =E1-B4 -> 869 | I1: =M16/E1 -> 0.0057819152 | J1: 4 | L1: =M8/F8 -> 0.65917603
F2: 클레임적용 | O2: 클레임
B3: 일자 | C3: 두수 | D3: 총체 | E3: 평체 | F3: 두수 | G3: 총체 | H3: 평체 | I3: 전입처 | J3: 출하예정일 | K3: 폐사두수 | L3: 총폐사율 | M3: 출하두수 | N3: 재고 | O3: 일자 | P3: 두수
B4: 45456 | C4: 550 | D4: =4810+4250+4150 -> 13210 | E4: =D4/C4 -> 24.018182 | F4: =C8-P8 -> 534 | G4: =D8-(D8/C8*P8) -> 12825.709 | H4: =G4/F4 -> 24.018182 | I4: 신한양 | J4: =B4+90 -> 45546 | K4: =C59 -> 182 | L4: =K8/F8 -> 0.34082397 | M4: =E59 -> 352 | N4: =F8-C59-E59 -> 0 | O4: 45456 | P4: 16 | Q4: 27
E5: =D5/C5 -> #DIV/0! | J5: =B5+90 -> 90
E6: =D6/C6 -> #DIV/0!
E7: =D7/C7 -> #DIV/0!
B8: 계 | C8: =SUM(C4:C7) -> 550 | D8: =SUM(D4:D7) -> 13210 | E8: =D8/C8 -> 24.018182 | F8: =SUM(F4) -> 534 | G8: =SUM(G4) -> 12825.709 | H8: =G8/F8 -> 24.018182 | K8: =K4 -> 182 | L8: =L4 -> 0.34082397 | M8: =M4 -> 352 | N8: =N4 -> 0 | O8: =P8/C8 -> 0.029090909 | P8: =SUM(P4:P7) -> 16 | Q8: =P8-Q4-Q5-Q6 -> -11
F9: =F8-163 -> 371 | G9: 12826 | I9: 519
B10: 폐사내역 | D10: 출하내역 | H10: 사료내역 | K10: 사료 두당 섭취량 | N10: 특이사항 | R10: 출하예상
B11: 일자 | C11: 두수 | D11: 일자 | E11: 두수 | F11: 총체 | G11: 평체 | H11: 일자 | I11: 품목 | J11: 중량 | K11: 품목 | L11: 총중량 | M11: 두당 섭취량 | N11: 일자 | O11: 내용 | R11: 주차 | S11: 두수
B12: 45490 | C12: 4 | D12: 45573 | E12: 19 | F12: 2150 | G12: =F12/E12 -> 113.15789 | H12: 45456 | I12: 윈맥스S트랜스 | J12: 5060 | K12: 윈맥스S트랜스 | L12: =SUMIF($I$12:$I$124,K12,$J$12:$J$124) -> 14900 | M12: =L12/$C$8 -> 27.090909 | R12: 10월2주 | S12: 19
B13: 45492 | C13: 6 | D13: 45582 | E13: 28 | F13: 3080 | G13: =F13/E13 -> 110 | H13: 45465 | I13: 윈맥스S트랜스 | J13: 4910 | K13: 리더MF1호 | L13: =SUMIF($I$12:$I$124,K13,$J$12:$J$124) -> 0 | M13: =L13/$C$8 -> 0 | R13: 10월3주 | S13: 28
B14: 45494 | C14: 7 | D14: 45589 | E14: 50 | F14: 5560 | G14: =F14/E14 -> 111.2 | H14: 45472 | I14: 윈맥스S트랜스 | J14: 4930 | K14: 프레쉬맥스제로육성돈 | L14: =SUMIF($I$12:$I$124,K14,$J$12:$J$124) -> 23070 | M14: =L14/$C$8 -> 41.945455 | R14: 10월4주 | S14: 100
A15: 폭염 | B15: 45495 | C15: 6 | D15: 45589 | E15: 50 | F15: 5370 | G15: =F15/E15 -> 107.4 | H15: 45479 | I15: 프레쉬맥스제로육성돈 | J15: 5060 | K15: 리더MF2호 | L15: =SUMIF($I$12:$I$124,K15,$J$12:$J$124) -> 77740 | M15: =L15/$C$8 -> 141.34545 | R15: 10월5주 | S15: 37
A16: 폭염 | B16: 45496 | C16: 7 | D16: 45596 | E16: 37 | F16: 4060 | G16: =F16/E16 -> 109.72973 | H16: 45485 | I16: 프레쉬맥스제로육성돈 | J16: 5050 | K16: 총량 | L16: =SUM(L12:L15) -> 115710 | M16: =L16/(M8+N8+80) -> 267.84722 | R16: 11월1주 | S16: 18
A17: 폭염 | B17: 45497 | C17: 2 | D17: 45597 | E17: 18 | F17: 2000 | G17: =F17/E17 -> 111.11111 | H17: 45497 | I17: 리더MF2호 | J17: 4990 | R17: 11월2주
A18: 폭염 | B18: 45498 | C18: 3 | D18: 45610 | E18: 15 | F18: 1710 | G18: =F18/E18 -> 114 | H18: 45509 | I18: 프레쉬맥스제로육성돈 | J18: 5060 | R18: 11월3주 | S18: 30
A19: 폭염 | B19: 45499 | C19: 8 | D19: 45610 | E19: 15 | F19: 1710 | G19: =F19/E19 -> 114 | H19: 45518 | I19: 프레쉬맥스제로육성돈 | J19: 2860 | K19: 예상FCR | L19: =(J59/M8)/(G59-H8) -> 3.8952251 | R19: 11월4주 | S19: 63
A20: 폭염 | B20: 45501 | C20: 8 | D20: 45616 | E20: 30 | F20: 3430 | G20: =F20/E20 -> 114.33333 | H20: 45479 | I20: 프레쉬맥스제로육성돈 | J20: 5040 | K20: 평균일당사료섭취량 | L20: =J59/(N8+M8)/F1 -> 0.37827571 | R20: 11월5주 | S20: 60
A21: 폭염 | B21: 45502 | C21: 4 | D21: 45616 | E21: 33 | F21: 3780 | G21: =F21/E21 -> 114.54545 | H21: 45492 | I21: 리더MF2호 | J21: 5000 | L21: =J30/N8/5.5 -> #DIV/0!
A22: 폭염 | B22: 45506 | C22: 5 | D22: 45623 | E22: 15 | F22: 1710 | G22: =F22/E22 -> 114 | H22: 45497 | I22: 리더MF2호 | J22: 2050
A23: 폭염 | B23: 45507 | C23: 4 | D23: 45623 | E23: 16 | F23: 1760 | G23: =F23/E23 -> 110 | H23: 45500 | I23: 리더MF2호 | J23: 5000 | L23: =L16/(N8+M8+3) -> 325.94366
A24: 폭염 | B24: 45508 | C24: 1 | D24: 45631 | E24: 5 | F24: 570 | G24: =F24/E24 -> 114 | H24: 45534 | I24: 리더MF2호 | J24: 5020 | L24: =L16/L23 -> 355
A25: 폭염 | B25: 45509 | C25: 4 | D25: 45652 | E25: 21 | F25: 1270 | G25: =F25/E25 -> 60.47619 | H25: 45544 | I25: 리더MF2호 | J25: 3010 | L25: =J29/5.5/N8 -> #DIV/0!
A26: 폭염 | B26: 45511 | C26: 3 | G26: =F26/E26 -> #DIV/0! | H26: 45548 | I26: 리더MF2호 | J26: 5010
A27: 폭염 | B27: 45515 | C27: 4 | G27: =F27/E27 -> #DIV/0! | H27: 45550 | I27: 리더MF2호 | J27: 3020
B28: 45516 | C28: 5 | H28: 45554 | I28: 리더MF2호 | J28: 4850 | L28: =L16/F8 -> 216.68539
B29: 45517 | C29: 5 | H29: 45561 | I29: 리더MF2호 | J29: 5010
B30: 45518 | C30: 4 | H30: 45569 | I30: 리더MF2호 | J30: 5010
B31: 45520 | C31: 1 | H31: 45575 | I31: 리더MF2호 | J31: 4960
B32: 45522 | C32: 1 | H32: 45580 | I32: 리더MF2호 | J32: 4960
B33: 45523 | C33: 2 | H33: 45586 | I33: 리더MF2호 | J33: 4960
B34: 45525 | C34: 2 | H34: 45593 | I34: 리더MF2호 | J34: 4940
B35: 45526 | C35: 1 | H35: 45601 | I35: 리더MF2호 | J35: 4970
B36: 45531 | C36: 2 | H36: 45607 | I36: 리더MF2호 | J36: 4980
B37: 45532 | C37: 25
B38: 45533 | C38: 10
B39: 45538 | C39: 2
B40: 45540 | C40: 1
B41: 45541 | C41: 1
B42: 45542 | C42: 3
B43: 45547 | C43: 2
B44: 45560 | C44: 1
B45: 45566 | C45: 10
B46: 45574 | C46: 3
B48: 45587 | C48: 1
B49: 45589 | C49: 1
... B58: 45652 | C58: 2
C59: =SUM(C12:C58) -> 182 | E59: =SUM(E12:E58) -> 352 | F59: =SUM(F12:F58) -> 38160 | G59: =F59/E59 -> 108.40909 | J59: =SUM(J12:J58) -> 115710

Sheet 한별농장(0807)
A1: 농장명 : | B1: 한별농장 | E1: =TODAY() -> 46325 | F1: =E1-B4 -> 814 | I1: =M16/E1 -> 0.0045226689 | J1: 4
F2: 클레임적용 | O2: 클레임
B3: 일자 | C3: 두수 | D3: 총체 | E3: 평체 | F3: 두수 | G3: 총체 | H3: 평체 | I3: 전입처 | J3: 출하예정일 | K3: 폐사두수 | L3: 총폐사율 | M3: 출하두수 | N3: 재고 | O3: 일자 | P3: 두수
B4: 45511 | C4: 570 | D4: =4560+4700+3860 -> 13120 | E4: =D4/C4 -> 23.017544 | F4: =C8-P8 -> 554 | G4: =D8-(D8/C8*P8) -> 12751.719 | H4: =G4/F4 -> 23.017544 | I4: 오케이 | J4: =B4+90 -> 45601 | K4: =C59 -> 124 | L4: =K8/F8 -> 0.22382671 | M4: =E59 -> 425 | N4: =F8-C59-E59 -> 5 | O4: 45511 | P4: 16 | Q4: 17 | R4: 570
E5: =D5/C5 -> #DIV/0! | J5: =B5+90 -> 90 | R5: =R4-Q4 -> 553
E6: =D6/C6 -> #DIV/0!
E7: =D7/C7 -> #DIV/0!
B8: 계 | C8: =SUM(C4:C7) -> 570 | D8: =SUM(D4:D7) -> 13120 | E8: =D8/C8 -> 23.017544 | F8: =SUM(F4) -> 554 | G8: =SUM(G4) -> 12751.719 | H8: =G8/F8 -> 23.017544 | K8: =K4 -> 124 | L8: =L4 -> 0.22382671 | M8: =M4 -> 425 | N8: =N4 -> 5 | O8: =P8/C8 -> 0.028070175 | P8: =SUM(P4:P7) -> 16 | Q8: =P8-Q4-Q5-Q6 -> -1
F9: =F8-53 -> 501 | G9: 12752 | I9: =N8+M8 -> 430
B10: 폐사내역 | D10: 출하내역 | H10: 사료내역 | K10: 사료 두당 섭취량 | N10: 특이사항 | R10: 출하예상
B11: 일자 | C11: 두수 | D11: 일자 | E11: 두수 | F11: 총체 | G11: 평체 | H11: 일자 | I11: 품목 | J11: 중량 | K11: 품목 | L11: 총중량 | M11: 두당 섭취량 | N11: 일자 | O11: 내용 | R11: 주차 | S11: 두수
B12: 45540 | C12: 2 | D12: 45631 | E12: 46 | F12: 5220 | G12: =F12/E12 -> 113.47826 | H12: 45511 | I12: 윈맥스S트랜스 | J12: 1880 | K12: 윈맥스S트랜스 | L12: =SUMIF($I$12:$I$124,K12,$J$12:$J$124) -> 35800 | M12: =L12/$C$8 -> 62.807018 | R12: 12월1주 | S12: 40
B13: 45542 | C13: 2 | D13: 45638 | E13: 41 | F13: 4530 | G13: =F13/E13 -> 110.4878 | H13: 45511 | I13: 윈맥스S트랜스 | J13: 2900 | K13: 리더MF1호 | L13: =SUMIF($I$12:$I$124,K13,$J$12:$J$124) -> 26840 | M13: =L13/$C$8 -> 47.087719 | R13: 12월2주 | S13: 60
B14: 45544 | C14: 2 | D14: 45638 | E14: 44 | F14: 5010 | G14: =F14/E14 -> 113.86364 | H14: 45518 | I14: 윈맥스S트랜스 | J14: 1890 | K14: 프레쉬맥스제로육성돈 | L14: =SUMIF($I$12:$I$124,K14,$J$12:$J$124) -> 0 | M14: =L14/$C$8 -> 0 | R14: 12월3주 | S14: 120
B15: 45548 | C15: 1 | D15: 45642 | E15: 33 | F15: 3710 | G15: =F15/E15 -> 112.42424 | H15: 45523 | I15: 윈맥스S트랜스 | J15: 2830 | K15: 리더MF2호 | L15: =SUMIF($I$12:$I$124,K15,$J$12:$J$124) -> 53430 | M15: =L15/$C$8 -> 93.736842 | R15: 12월4주 | S15: 80
B16: 45549 | C16: 1 | D16: 45645 | E16: 43 | F16: 4720 | G16: =F16/E16 -> 109.76744 | H16: 45534 | I16: 윈맥스S트랜스 | J16: 2190 | K16: 총량 | L16: =SUM(L12:L15) -> 116070 | M16: =L16/F8 -> 209.51264 | R16: 12월5주 | S16: 40
B17: 45551 | C17: 1 | D17: 45645 | E17: 43 | F17: 4920 | G17: =F17/E17 -> 114.4186 | H17: 45544 | I17: 윈맥스S트랜스 | J17: 2050 | R17: 1월1주 | S17: 80
B18: 45555 | C18: 2 | D18: 45650 | E18: 30 | F18: 3420 | G18: =F18/E18 -> 114 | H18: 45544 | I18: 윈맥스S트랜스 | J18: 5330
B19: 45559 | C19: 3 | D19: 45653 | E19: 45 | F19: 4960 | G19: =F19/E19 -> 110.22222 | H19: 45548 | I19: 윈맥스S트랜스 | J19: 1150 | K19: 예상FCR | L19: =(J59/I9)/(110-H8) -> 3.1032721
B20: 45561 | C20: 1 | D20: 45656 | E20: 40 | F20: 4580 | G20: =F20/E20 -> 114.5 | H20: 45548 | I20: 윈맥스S트랜스 | J20: 5180 | K20: 평균일당사료섭취량 | L20: =J59/N8/F1 -> 28.518428
B21: 45562 | C21: 1 | D21: 45659 | E21: 35 | F21: 3980 | G21: =F21/E21 -> 113.71429 | H21: 45548 | I21: 윈맥스S트랜스 | J21: 3110 | L21: =J28/N8/7 -> 57.142857
B22: 45566 | C22: 5 | D22: 45659 | E22: 25 | F22: 2740 | G22: =F22/E22 -> 109.6 | H22: 45548 | I22: 윈맥스S트랜스 | J22: 2180
B23: 45567 | C23: 2 | G23: =F23/E23 -> #DIV/0! | H23: 45550 | I23: 윈맥스S트랜스 | J23: 2120
B24: 45568 | C24: 2 | G24: =F24/E24 -> #DIV/0! | H24: 45554 | I24: 윈맥스S트랜스 | J24: 2990
B25: 45569 | C25: 8 | G25: =F25/E25 -> #DIV/0! | H25: 45561 | I25: 리더MF2호 | J25: 4000
B26: 45570 | C26: 3 | G26: =F26/E26 -> #DIV/0! | H26: 45569 | I26: 리더MF2호 | J26: 5000
B27: 45572 | C27: 3 | G27: =F27/E27 -> #DIV/0! | H27: 45575 | I27: 리더MF2호 | J27: 4220
B28: 45574 | C28: 2 | G28: =F28/E28 -> #DIV/0! | H28: 45584 | I28: 리더MF2호 | J28: 2000
B29: 45575 | C29: 2 | G29: =F29/E29 -> #DIV/0! | H29: 45586 | I29: 리더MF2호 | J29: 4970
B30: 45576 | C30: 4 | H30: 45588 | I30: 리더MF2호 | J30: 3940
B31: 45577 | C31: 2 | H31: 45593 | I31: 리더MF1호 | J31: 1970
B32: 45578 | C32: 1 | H32: 45597 | I32: 리더MF2호 | J32: 4930
B33: 45580 | C33: 3 | H33: 45601 | I33: 리더MF1호 | J33: 2980
B34: 45585 | C34: 4 | H34: 45607 | I34: 리더MF2호 | J34: 4970
B35: 45586 | C35: 5 | H35: 45610 | I35: 리더MF2호 | J35: 5010
B36: 45588 | C36: 4 | H36: 45614 | I36: 리더MF2호 | J36: 3010
B37: 45590 | C37: 2 | H37: 45614 | I37: 리더MF1호 | J37: 2000
B38: 45592 | C38: 2 | H38: 45618 | I38: 리더MF1호 | J38: 4950
B39: 45594 | C39: 2 | H39: 45621 | I39: 리더MF1호 | J39: 5000
B40: 45598 | C40: 2 | H40: 45624 | I40: 리더MF2호 | J40: 1970
B41: 45601 | C41: 3 | H41: 45624 | I41: 리더MF1호 | J41: 970
... B46: 45618 | C46: 1 | H46: 45637 | I46: 리더MF1호 | J46: 4970
B47: 45619 | C47: 2
B48: 45627 | C48: 1
B49: 45630 | C49: 1
B50: 45633 | C50: 2
B51: 45637 | C51: 2
B52: 45644 | C52: 4
B53: 45652 | C53: 11
B54: 45665 | C54: 3
B55: 45667 | C55: 4
B56: 45669 | C56: 1
C57: 4
C59: =SUM(C12:C58) -> 124 | E59: =SUM(E12:E58) -> 425 | F59: =SUM(F12:F58) -> 47790 | G59: =F59/E59 -> 112.44706 | J59: =SUM(J12:J58) -> 116070

Sheet 한별농장(0814)
A1: 농장명 : | B1: 한별농장 | E1: =TODAY() -> 46325 | F1: =E1-B4 -> 807 | I1: =M16/E1 -> 0.0042452394 | J1: 4
F2: 클레임적용 | O2: 클레임
B3: 일자 | C3: 두수 | D3: 총체 | E3: 평체 | F3: 두수 | G3: 총체 | H3: 평체 | I3: 전입처 | J3: 출하예정일 | K3: 폐사두수 | L3: 총폐사율 | M3: 출하두수 | N3: 재고 | O3: 일자 | P3: 두수
B4: 45518 | C4: 580 | D4: 12450 | E4: =D4/C4 -> 21.465517 | F4: =C8-P8 -> 560 | G4: =D8-(D8/C8*P8) -> 12020.69 | H4: =G4/F4 -> 21.465517 | I4: 오케이 | J4: =B4+90 -> 45608 | K4: =C71 -> 103 | L4: =K8/F8 -> 0.18392857 | M4: =E71 -> 407 | N4: =F8-C71-E71 -> 50 | O4: 45518 | P4: 20 | Q4: 6
E5: =D5/C5 -> #DIV/0! | J5: =B5+90 -> 90
E6: =D6/C6 -> #DIV/0!
E7: =D7/C7 -> #DIV/0!
B8: 계 | C8: =SUM(C4:C7) -> 580 | D8: =SUM(D4:D7) -> 12450 | E8: =D8/C8 -> 21.465517 | F8: =SUM(F4) -> 560 | G8: =SUM(G4) -> 12020.69 | H8: =G8/F8 -> 21.465517 | K8: =K4 -> 103 | L8: =L4 -> 0.18392857 | M8: =M4 -> 407 | N8: =N4 -> 50 | O8: =P8/C8 -> 0.034482759 | P8: =SUM(P4:P7) -> 20 | Q8: =P8-Q4-Q5-Q6 -> 14
F9: =F8-57 -> 503 | G9: 12030 | I9: =M8+N8 -> 457
B10: 폐사내역 | D10: 출하내역 | H10: 사료내역 | K10: 사료 두당 섭취량 | N10: 특이사항 | R10: 출하예상
B11: 일자 | C11: 두수 | D11: 일자 | E11: 두수 | F11: 총체 | G11: 평체 | H11: 일자 | I11: 품목 | J11: 중량 | K11: 품목 | L11: 총중량 | M11: 두당 섭취량 | N11: 일자 | O11: 내용 | R11: 주차 | S11: 두수
B12: 45536 | C12: 2 | D12: 45667 | E12: 71 | F12: 7930 | G12: =F12/E12 -> 111.69014 | H12: 45518 | I12: 윈맥스S트랜스 | J12: 2920 | K12: 윈맥스S트랜스 | L12: =SUMIF($I$12:$I$136,K12,$J$12:$J$136) -> 40670 | M12: =L12/$C$8 -> 70.12069 | R12: 1월1주
B13: 45538 | C13: 1 | D13: 45672 | E13: 61 | F13: 6760 | G13: =F13/E13 -> 110.81967 | H13: 45518 | I13: 윈맥스S트랜스 | J13: 1890 | K13: 리더MF1호 | L13: =SUMIF($I$12:$I$136,K13,$J$12:$J$136) -> 18930 | M13: =L13/$C$8 -> 32.637931 | R13: 1월2주 | S13: 120
B14: 45539 | C14: 2 | D14: 45674 | E14: 30 | F14: 3300 | G14: =F14/E14 -> 110 | H14: 45523 | I14: 윈맥스S트랜스 | J14: 2830 | K14: 프레쉬맥스제로육성돈 | L14: =SUMIF($I$12:$I$136,K14,$J$12:$J$136) -> 0 | M14: =L14/$C$8 -> 0 | R14: 1월3주 | S14: 120
B15: 45542 | C15: 1 | D15: 45678 | E15: 61 | F15: 6420 | G15: =F15/E15 -> 105.2459 | H15: 45534 | I15: 윈맥스S트랜스 | J15: 4180 | K15: 리더MF2호 | L15: =SUMIF($I$12:$I$136,K15,$J$12:$J$136) -> 50530 | M15: =L15/$C$8 -> 87.12069 | R15: 1월4주 | S15: 120
B16: 45550 | C16: 3 | D16: 45682 | E16: 40 | F16: 4450 | G16: =F16/E16 -> 111.25 | H16: 45534 | I16: 윈맥스S트랜스 | J16: 4650 | K16: 총량 | L16: =SUM(L12:L15) -> 110130 | M16: =L16/F8 -> 196.66071 | R16: 1월5주 | S16: 80
B17: 45552 | C17: 2 | D17: 45680 | E17: 15 | F17: 1100 | G17: =F17/E17 -> 73.333333 | H17: 45544 | I17: 윈맥스S트랜스 | J17: 5160
B18: 45553 | C18: 1 | D18: 45695 | E18: 62 | F18: 6710 | G18: =F18/E18 -> 108.22581 | H18: 45548 | I18: 윈맥스S트랜스 | J18: 3110
B19: 45554 | C19: 2 | D19: 45695 | E19: 67 | F19: 7300 | G19: =F19/E19 -> 108.95522 | H19: 45554 | I19: 윈맥스S트랜스 | J19: 8960 | K19: 예상FCR | L19: =(J71/I9)/(110-H8) -> 2.7219302
B20: 45559 | C20: 1 | G20: =F20/E20 -> #DIV/0! | H20: 45561 | I20: 리더MF2호 | J20: 4990 | K20: 평균일당사료섭취량 | L20: =J71/N8/F1 -> 2.729368
B21: 45560 | C21: 1 | G21: =F21/E21 -> #DIV/0! | H21: 45566 | I21: 리더MF2호 | J21: 4920
B22: 45564 | C22: 1 | G22: =F22/E22 -> #DIV/0! | H22: 45573 | I22: 리더MF2호 | J22: 2990 | L22: =L16*1.5 -> 165195
B23: 45566 | C23: 6 | G23: =F23/E23 -> #DIV/0! | H23: 45573 | I23: 리더MF2호 | J23: 5010
B24: 45567 | C24: 2 | G24: =F24/E24 -> #DIV/0! | H24: 45584 | I24: 리더MF2호 | J24: 2950 | L24: =(J21+1000)/7/M8 -> 2.0779221
B25: 45568 | C25: 2 | G25: =F25/E25 -> #DIV/0! | H25: 45588 | I25: 리더MF2호 | J25: 4980
B26: 45570 | C26: 3 | G26: =F26/E26 -> #DIV/0! | H26: 45593 | I26: 리더MF2호 | J26: 2940
B27: 45571 | C27: 2 | G27: =F27/E27 -> #DIV/0! | H27: 45601 | I27: 리더MF2호 | J27: 4920
B28: 45572 | C28: 5 | G28: =F28/E28 -> #DIV/0! | H28: 45601 | I28: 리더MF1호 | J28: 2980
B29: 45573 | C29: 4 | G29: =F29/E29 -> #DIV/0! | H29: 45607 | I29: 리더MF2호 | J29: 4960
B30: 45574 | C30: 2 | H30: 45610 | I30: 리더MF2호 | J30: 2990
B31: 45575 | C31: 2 | H31: 45614 | I31: 리더MF2호 | J31: 2940
B32: 45577 | C32: 2 | H32: 45614 | I32: 리더MF1호 | J32: 1950
B33: 45578 | C33: 2 | H33: 45618 | I33: 리더MF1호 | J33: 3020
B34: 45581 | C34: 3 | H34: 45621 | I34: 윈맥스S트랜스 | J34: 6970
B35: 45582 | C35: 2 | H35: 45624 | I35: 리더MF1호 | J35: 1950
B36: 45584 | C36: 3 | H36: 45624 | I36: 리더MF2호 | J36: 970
B37: 45586 | C37: 2 | H37: 45628 | I37: 리더MF2호 | J37: 1950
B38: 45587 | C38: 4 | H38: 45628 | I38: 리더MF2호 | J38: 3020
B39: 45588 | C39: 1 | H39: 45631 | I39: 리더MF1호 | J39: 2010
B40: 45589 | C40: 2 | H40: 45637 | I40: 리더MF1호 | J40: 7020
B41: 45590 | C41: 3
B42: 45591 | C42: 2
B43: 45593 | C43: 2
B44: 45596 | C44: 2
B45: 45600 | C45: 2
B46: 45602 | C46: 3
B47: 45603 | C47: 2
B48: 45607 | C48: 2
B49: 45609 | C49: 2
B50: 45610 | C50: 1
B51: 45611 | C51: 1
B52: 45617 | C52: 2
... B58: 45678 | C58: 4
C71: =SUM(C12:C70) -> 103 | E71: =SUM(E12:E70) -> 407 | F71: =SUM(F12:F70) -> 43970 | G71: =F71/E71 -> 108.0344 | J71: =SUM(J12:J70) -> 110130

Sheet 신흥(1-1)
A1: 농장명 : | B1: 신흥A-B동 | E1: =TODAY() -> 46325 | F1: =E1-B4 -> 101 | H1: 140 | I1: =B5+H1 -> 46401 | J1: =G4/F4*489 -> 12080.874
F2: 클레임적용 | O2: 클레임
B3: 일자 | C3: 두수 | D3: 총체 | E3: 평체 | F3: 두수 | G3: 총체 | H3: 평체 | I3: 전입처 | J3: 출하예정일 | K3: 폐사두수 | L3: 총폐사율 | M3: 출하두수 | N3: 재고 | O3: 일자 | P3: 두수
B4: 46224 | C4: 570 | D4: =23.3*580 -> 13514 | E4: =D4/C4 -> 23.708772 | F4: =C8-P8 -> 936 | G4: =D8-(D8/C8*P8) -> 23124.126 | H4: =G4/F4 -> 24.705263 | I4: 태농 | J4: =B4+90 -> 46314 | K4: =C69 -> 53 | L4: =K8/F8 -> 0.056623932 | M4: =E69 -> 0 | N4: =F8-C69-E69 -> 883 | P4: 10
B5: 46261 | C5: 380 | D5: =26.2*380 -> 9956 | E5: =D5/C5 -> 26.2 | J5: =B5+90 -> 46351 | P5: 4
E6: =D6/C6 -> #DIV/0! | J6: =B6+90 -> 90
E7: =D7/C7 -> #DIV/0!
B8: 계 | C8: =SUM(C4:C7) -> 950 | D8: =SUM(D4:D7) -> 23470 | E8: =D8/C8 -> 24.705263 | F8: =SUM(F4) -> 936 | G8: =SUM(G4) -> 23124.126 | H8: =G8/F8 -> 24.705263 | K8: =K4 -> 53 | L8: =L4 -> 0.056623932 | M8: =M4 -> 0 | N8: =N4 -> 883 | O8: =P8/C8 -> 0.014736842 | P8: =SUM(P4:P7) -> 14 | Q8: =P8-Q4-Q5-Q6 -> 14
G9: 13730 | I9: =F8*0.95 -> 889.2
B10: 폐사내역 | D10: 출하내역 | H10: 사료내역 | K10: 사료 두당 섭취량 | N10: 특이사항 | R10: 출하예상
B11: 일자 | C11: 두수 | D11: 일자 | E11: 두수 | F11: 총체 | G11: 평체 | H11: 일자 | I11: 품목 | J11: 중량 | K11: 품목 | L11: 총중량 | M11: 두당 섭취량 | N11: 일자 | O11: 내용 | R11: 주차 | S11: 두수
B12: 권영제 | C12: 35 | G12: =F12/E12 -> #DIV/0! | K12: 윈맥스S트랜스 | L12: =SUMIF($I$12:$I$134,K12,$J$12:$J$134) -> 0 | M12: =L12/$C$8 -> 0
C13: 18 | G13: =F13/E13 -> #DIV/0! | K13: 리더MF1호 | L13: =SUMIF($I$12:$I$134,K13,$J$12:$J$134) -> 0 | M13: =L13/$C$8 -> 0
G14: =F14/E14 -> #DIV/0! | K14: 리더MF2호 | L14: =SUMIF($I$12:$I$134,K14,$J$12:$J$134) -> 0 | M14: =L14/$C$8 -> 0
G15: =F15/E15 -> #DIV/0! | K15: 리더MF3호 | L15: =SUMIF($I$12:$I$134,K15,$J$12:$J$134) -> 0 | M15: =L15/$C$8 -> 0
G16: =F16/E16 -> #DIV/0! | K16: 프레쉬맥스제로젖돈 | L16: =SUMIF($I$12:$I$134,K16,$J$12:$J$134) -> 0 | M16: =L16/$C$8 -> 0
G17: =F17/E17 -> #DIV/0! | K17: 프레쉬맥스제로육성돈 | L17: =SUMIF($I$12:$I$134,K17,$J$12:$J$134) -> 0 | M17: =L17/$C$8 -> 0
G18: =F18/E18 -> #DIV/0! | K18: 총량 | L18: =SUM(L12:L17) -> 0 | M18: =L18/F8 -> 0
G19: =F19/E19 -> #DIV/0!
G20: =F20/E20 -> #DIV/0!
G21: =F21/E21 -> #DIV/0! | K21: 예상FCR | L21: =(J69/I9)/(113-H8) -> 0
G22: =F22/E22 -> #DIV/0! | K22: 평균일당사료섭취량 | L22: =J14/N8/7 -> 0
G23: =F23/E23 -> #DIV/0!
G24: =F24/E24 -> #DIV/0!
G25: =F25/E25 -> #DIV/0!
G26: =F26/E26 -> #DIV/0!
G27: =F27/E27 -> #DIV/0! | L27: =L18/F1 -> 0
G28: =F28/E28 -> #DIV/0! | L28: =L27/N8 -> 0
G29: =F29/E29 -> #DIV/0!
G30: =F30/E30 -> #DIV/0!
G31: =F31/E31 -> #DIV/0!
G32: =F32/E32 -> #DIV/0!
G33: =F33/E33 -> #DIV/0!
G34: =F34/E34 -> #DIV/0!
G35: =F35/E35 -> #DIV/0!
L38: =J38+J39+J40 -> 0
L39: =L38/N8 -> 0
L40: =L39/4 -> 0
C69: =SUM(C12:C67) -> 53 | E69: =SUM(E12:E67) -> 0 | F69: =SUM(F12:F67) -> 0 | G69: =F69/E69 -> #DIV/0! | J69: =SUM(J12:J67) -> 0

Sheet 신흥(1-6)
A1: 농장명 : | B1: 신흥C동 | E1: =TODAY() -> 46325 | F1: =E1-B4 -> 50 | H1: 140 | I1: =B5+H1 -> 140 | J1: =G4/F4*489 -> 14425.5
F2: 클레임적용 | O2: 클레임
B3: 일자 | C3: 두수 | D3: 총체 | E3: 평체 | F3: 두수 | G3: 총체 | H3: 평체 | I3: 전입처 | J3: 출하예정일 | K3: 폐사두수 | L3: 총폐사율 | M3: 출하두수 | N3: 재고 | O3: 일자 | P3: 두수
B4: 46275 | C4: 480 | D4: =29.5*480 -> 14160 | E4: =D4/C4 -> 29.5 | F4: =C8-P8 -> 475 | G4: =D8-(D8/C8*P8) -> 14012.5 | H4: =G4/F4 -> 29.5 | I4: 태농 | J4: =B4+90 -> 46365 | K4: =C69 -> 19 | L4: =K8/F8 -> 0.04 | M4: =E69 -> 0 | N4: =F8-C69-E69 -> 456 | P4: 5
E5: =D5/C5 -> #DIV/0! | J5: =B5+90 -> 90
E6: =D6/C6 -> #DIV/0! | J6: =B6+90 -> 90
E7: =D7/C7 -> #DIV/0!
B8: 계 | C8: =SUM(C4:C7) -> 480 | D8: =SUM(D4:D7) -> 14160 | E8: =D8/C8 -> 29.5 | F8: =SUM(F4) -> 475 | G8: =SUM(G4) -> 14012.5 | H8: =G8/F8 -> 29.5 | K8: =K4 -> 19 | L8: =L4 -> 0.04 | M8: =M4 -> 0 | N8: =N4 -> 456 | O8: =P8/C8 -> 0.010416667 | P8: =SUM(P4:P7) -> 5 | Q8: =P8-Q4-Q5-Q6 -> 5
G9: 13730 | I9: =F8*0.95 -> 451.25
B10: 폐사내역 | D10: 출하내역 | H10: 사료내역 | K10: 사료 두당 섭취량 | N10: 특이사항 | R10: 출하예상
B11: 일자 | C11: 두수 | D11: 일자 | E11: 두수 | F11: 총체 | G11: 평체 | H11: 일자 | I11: 품목 | J11: 중량 | K11: 품목 | L11: 총중량 | M11: 두당 섭취량 | N11: 일자 | O11: 내용 | R11: 주차 | S11: 두수
C12: 19 | G12: =F12/E12 -> #DIV/0! | K12: 윈맥스S트랜스 | L12: =SUMIF($I$12:$I$134,K12,$J$12:$J$134) -> 0 | M12: =L12/$C$8 -> 0
G13: =F13/E13 -> #DIV/0! | K13: 리더MF1호 | L13: =SUMIF($I$12:$I$134,K13,$J$12:$J$134) -> 0 | M13: =L13/$C$8 -> 0
G14: =F14/E14 -> #DIV/0! | K14: 리더MF2호 | L14: =SUMIF($I$12:$I$134,K14,$J$12:$J$134) -> 0 | M14: =L14/$C$8 -> 0
G15: =F15/E15 -> #DIV/0! | K15: 리더MF3호 | L15: =SUMIF($I$12:$I$134,K15,$J$12:$J$134) -> 0 | M15: =L15/$C$8 -> 0
G16: =F16/E16 -> #DIV/0! | K16: 프레쉬맥스제로젖돈 | L16: =SUMIF($I$12:$I$134,K16,$J$12:$J$134) -> 0 | M16: =L16/$C$8 -> 0
G17: =F17/E17 -> #DIV/0! | K17: 프레쉬맥스제로육성돈 | L17: =SUMIF($I$12:$I$134,K17,$J$12:$J$134) -> 0 | M17: =L17/$C$8 -> 0
G18: =F18/E18 -> #DIV/0! | K18: 총량 | L18: =SUM(L12:L17) -> 0 | M18: =L18/F8 -> 0
G19: =F19/E19 -> #DIV/0!
G20: =F20/E20 -> #DIV/0!
G21: =F21/E21 -> #DIV/0! | K21: 예상FCR | L21: =(J69/I9)/(113-H8) -> 0
G22: =F22/E22 -> #DIV/0! | K22: 평균일당사료섭취량 | L22: =J14/N8/7 -> 0
G23: =F23/E23 -> #DIV/0!
G24: =F24/E24 -> #DIV/0!
G25: =F25/E25 -> #DIV/0!
G26: =F26/E26 -> #DIV/0!
G27: =F27/E27 -> #DIV/0! | L27: =L18/F1 -> 0
G28: =F28/E28 -> #DIV/0! | L28: =L27/N8 -> 0
G29: =F29/E29 -> #DIV/0!
G30: =F30/E30 -> #DIV/0!
G31: =F31/E31 -> #DIV/0!
G32: =F32/E32 -> #DIV/0!
G33: =F33/E33 -> #DIV/0!
G34: =F34/E34 -> #DIV/0!
G35: =F35/E35 -> #DIV/0!
L38: =J38+J39+J40 -> 0
L39: =L38/N8 -> 0
L40: =L39/4 -> 0
C69: =SUM(C12:C67) -> 19 | E69: =SUM(E12:E67) -> 0 | F69: =SUM(F12:F67) -> 0 | G69: =F69/E69 -> #DIV/0! | J69: =SUM(J12:J67) -> 0

Sheet 신흥(2-10)
A1: 농장명 : | B1: 신흥5동 | E1: =TODAY() -> 46325 | F1: =E1-B4 -> 43 | H1: 140 | I1: =B5+H1 -> 140 | J1: =G4/F4*489 -> 14132.1
F2: 클레임적용 | O2: 클레임
B3: 일자 | C3: 두수 | D3: 총체 | E3: 평체 | F3: 두수 | G3: 총체 | H3: 평체 | I3: 전입처 | J3: 출하예정일 | K3: 폐사두수 | L3: 총폐사율 | M3: 출하두수 | N3: 재고 | O3: 일자 | P3: 두수
B4: 46282 | C4: 400 | D4: =28.9*400 -> 11560 | E4: =D4/C4 -> 28.9 | F4: =C8-P8 -> 396 | G4: =D8-(D8/C8*P8) -> 11444.4 | H4: =G4/F4 -> 28.9 | I4: 태농 | J4: =B4+90 -> 46372 | K4: =C69 -> 15 | L4: =K8/F8 -> 0.037878788 | M4: =E69 -> 0 | N4: =F8-C69-E69 -> 381 | P4: 4
E5: =D5/C5 -> #DIV/0! | J5: =B5+90 -> 90
E6: =D6/C6 -> #DIV/0! | J6: =B6+90 -> 90
E7: =D7/C7 -> #DIV/0!
B8: 계 | C8: =SUM(C4:C7) -> 400 | D8: =SUM(D4:D7) -> 11560 | E8: =D8/C8 -> 28.9 | F8: =SUM(F4) -> 396 | G8: =SUM(G4) -> 11444.4 | H8: =G8/F8 -> 28.9 | K8: =K4 -> 15 | L8: =L4 -> 0.037878788 | M8: =M4 -> 0 | N8: =N4 -> 381 | O8: =P8/C8 -> 0.01 | P8: =SUM(P4:P7) -> 4 | Q8: =P8-Q4-Q5-Q6 -> 4
G9: 13730 | I9: =F8*0.95 -> 376.2
B10: 폐사내역 | D10: 출하내역 | H10: 사료내역 | K10: 사료 두당 섭취량 | N10: 특이사항 | R10: 출하예상
B11: 일자 | C11: 두수 | D11: 일자 | E11: 두수 | F11: 총체 | G11: 평체 | H11: 일자 | I11: 품목 | J11: 중량 | K11: 품목 | L11: 총중량 | M11: 두당 섭취량 | N11: 일자 | O11: 내용 | R11: 주차 | S11: 두수
B12: 권영제 | C12: 15 | G12: =F12/E12 -> #DIV/0! | K12: 윈맥스S트랜스 | L12: =SUMIF($I$12:$I$134,K12,$J$12:$J$134) -> 0 | M12: =L12/$C$8 -> 0
G13: =F13/E13 -> #DIV/0! | K13: 리더MF1호 | L13: =SUMIF($I$12:$I$134,K13,$J$12:$J$134) -> 0 | M13: =L13/$C$8 -> 0
G14: =F14/E14 -> #DIV/0! | K14: 리더MF2호 | L14: =SUMIF($I$12:$I$134,K14,$J$12:$J$134) -> 0 | M14: =L14/$C$8 -> 0
G15: =F15/E15 -> #DIV/0! | K15: 리더MF3호 | L15: =SUMIF($I$12:$I$134,K15,$J$12:$J$134) -> 0 | M15: =L15/$C$8 -> 0
G16: =F16/E16 -> #DIV/0! | K16: 프레쉬맥스제로젖돈 | L16: =SUMIF($I$12:$I$134,K16,$J$12:$J$134) -> 0 | M16: =L16/$C$8 -> 0
G17: =F17/E17 -> #DIV/0! | K17: 프레쉬맥스제로육성돈 | L17: =SUMIF($I$12:$I$134,K17,$J$12:$J$134) -> 0 | M17: =L17/$C$8 -> 0
G18: =F18/E18 -> #DIV/0! | K18: 총량 | L18: =SUM(L12:L17) -> 0 | M18: =L18/F8 -> 0
G19: =F19/E19 -> #DIV/0!
G20: =F20/E20 -> #DIV/0!
G21: =F21/E21 -> #DIV/0! | K21: 예상FCR | L21: =(J69/I9)/(113-H8) -> 0
G22: =F22/E22 -> #DIV/0! | K22: 평균일당사료섭취량 | L22: =J14/N8/7 -> 0
G23: =F23/E23 -> #DIV/0!
G24: =F24/E24 -> #DIV/0!
G25: =F25/E25 -> #DIV/0!
G26: =F26/E26 -> #DIV/0!
G27: =F27/E27 -> #DIV/0! | L27: =L18/F1 -> 0
G28: =F28/E28 -> #DIV/0! | L28: =L27/N8 -> 0
G29: =F29/E29 -> #DIV/0!
G30: =F30/E30 -> #DIV/0!
G31: =F31/E31 -> #DIV/0!
G32: =F32/E32 -> #DIV/0!
G33: =F33/E33 -> #DIV/0!
G34: =F34/E34 -> #DIV/0!
G35: =F35/E35 -> #DIV/0!
L38: =J38+J39+J40 -> 0
L39: =L38/N8 -> 0
L40: =L39/4 -> 0
C69: =SUM(C12:C67) -> 15 | E69: =SUM(E12:E67) -> 0 | F69: =SUM(F12:F67) -> 0 | G69: =F69/E69 -> #DIV/0! | J69: =SUM(J12:J67) -> 0

Sheet 신흥(2-11)
A1: 농장명 : | B1: 신흥4동 | E1: =TODAY() -> 46325 | F1: =E1-B4 -> 31 | H1: 140 | I1: =B5+H1 -> 140 | J1: =G4/F4*489 -> 15305.7
F2: 클레임적용 | O2: 클레임
B3: 일자 | C3: 두수 | D3: 총체 | E3: 평체 | F3: 두수 | G3: 총체 | H3: 평체 | I3: 전입처 | J3: 출하예정일 | K3: 폐사두수 | L3: 총폐사율 | M3: 출하두수 | N3: 재고 | O3: 일자 | P3: 두수
B4: 46294 | C4: 400 | D4: =31.3*400 -> 12520 | E4: =D4/C4 -> 31.3 | F4: =C8-P8 -> 396 | G4: =D8-(D8/C8*P8) -> 12394.8 | H4: =G4/F4 -> 31.3 | I4: 태농 | J4: =B4+90 -> 46384 | K4: =C69 -> 12 | L4: =K8/F8 -> 0.03030303 | M4: =E69 -> 0 | N4: =F8-C69-E69 -> 384 | P4: 4
E5: =D5/C5 -> #DIV/0! | J5: =B5+90 -> 90
E6: =D6/C6 -> #DIV/0! | J6: =B6+90 -> 90
E7: =D7/C7 -> #DIV/0!
B8: 계 | C8: =SUM(C4:C7) -> 400 | D8: =SUM(D4:D7) -> 12520 | E8: =D8/C8 -> 31.3 | F8: =SUM(F4) -> 396 | G8: =SUM(G4) -> 12394.8 | H8: =G8/F8 -> 31.3 | K8: =K4 -> 12 | L8: =L4 -> 0.03030303 | M8: =M4 -> 0 | N8: =N4 -> 384 | O8: =P8/C8 -> 0.01 | P8: =SUM(P4:P7) -> 4 | Q8: =P8-Q4-Q5-Q6 -> 4
G9: 13730 | I9: =F8*0.95 -> 376.2
B10: 폐사내역 | D10: 출하내역 | H10: 사료내역 | K10: 사료 두당 섭취량 | N10: 특이사항 | R10: 출하예상
B11: 일자 | C11: 두수 | D11: 일자 | E11: 두수 | F11: 총체 | G11: 평체 | H11: 일자 | I11: 품목 | J11: 중량 | K11: 품목 | L11: 총중량 | M11: 두당 섭취량 | N11: 일자 | O11: 내용 | R11: 주차 | S11: 두수
B12: 권영제 | C12: 12 | G12: =F12/E12 -> #DIV/0! | K12: 윈맥스S트랜스 | L12: =SUMIF($I$12:$I$134,K12,$J$12:$J$134) -> 0 | M12: =L12/$C$8 -> 0
G13: =F13/E13 -> #DIV/0! | K13: 리더MF1호 | L13: =SUMIF($I$12:$I$134,K13,$J$12:$J$134) -> 0 | M13: =L13/$C$8 -> 0
G14: =F14/E14 -> #DIV/0! | K14: 리더MF2호 | L14: =SUMIF($I$12:$I$134,K14,$J$12:$J$134) -> 0 | M14: =L14/$C$8 -> 0
G15: =F15/E15 -> #DIV/0! | K15: 리더MF3호 | L15: =SUMIF($I$12:$I$134,K15,$J$12:$J$134) -> 0 | M15: =L15/$C$8 -> 0
G16: =F16/E16 -> #DIV/0! | K16: 프레쉬맥스제로젖돈 | L16: =SUMIF($I$12:$I$134,K16,$J$12:$J$134) -> 0 | M16: =L16/$C$8 -> 0
G17: =F17/E17 -> #DIV/0! | K17: 프레쉬맥스제로육성돈 | L17: =SUMIF($I$12:$I$134,K17,$J$12:$J$134) -> 0 | M17: =L17/$C$8 -> 0
G18: =F18/E18 -> #DIV/0! | K18: 총량 | L18: =SUM(L12:L17) -> 0 | M18: =L18/F8 -> 0
G19: =F19/E19 -> #DIV/0!
G20: =F20/E20 -> #DIV/0!
G21: =F21/E21 -> #DIV/0! | K21: 예상FCR | L21: =(J69/I9)/(113-H8) -> 0
G22: =F22/E22 -> #DIV/0! | K22: 평균일당사료섭취량 | L22: =J14/N8/7 -> 0
G23: =F23/E23 -> #DIV/0!
G24: =F24/E24 -> #DIV/0!
G25: =F25/E25 -> #DIV/0!
G26: =F26/E26 -> #DIV/0!
G27: =F27/E27 -> #DIV/0! | L27: =L18/F1 -> 0
G28: =F28/E28 -> #DIV/0! | L28: =L27/N8 -> 0
G29: =F29/E29 -> #DIV/0!
G30: =F30/E30 -> #DIV/0!
G31: =F31/E31 -> #DIV/0!
G32: =F32/E32 -> #DIV/0!
G33: =F33/E33 -> #DIV/0!
G34: =F34/E34 -> #DIV/0!
G35: =F35/E35 -> #DIV/0!
L38: =J38+J39+J40 -> 0
L39: =L38/N8 -> 0
L40: =L39/4 -> 0
C69: =SUM(C12:C67) -> 12 | E69: =SUM(E12:E67) -> 0 | F69: =SUM(F12:F67) -> 0 | G69: =F69/E69 -> #DIV/0! | J69: =SUM(J12:J67) -> 0

Sheet 신흥(2-12)
A1: 농장명 : | B1: 신흥3동 | E1: =TODAY() -> 46325 | F1: =E1-B4 -> 22 | H1: 140 | I1: =B5+H1 -> 140 | J1: =G4/F4*489 -> 13692
F2: 클레임적용 | O2: 클레임
B3: 일자 | C3: 두수 | D3: 총체 | E3: 평체 | F3: 두수 | G3: 총체 | H3: 평체 | I3: 전입처 | J3: 출하예정일 | K3: 폐사두수 | L3: 총폐사율 | M3: 출하두수 | N3: 재고 | O3: 일자 | P3: 두수
B4: 46303 | C4: 400 | D4: =28*400 -> 11200 | E4: =D4/C4 -> 28 | F4: =C8-P8 -> 396 | G4: =D8-(D8/C8*P8) -> 11088 | H4: =G4/F4 -> 28 | I4: 태농 | J4: =B4+90 -> 46393 | K4: =C69 -> 11 | L4: =K8/F8 -> 0.027777778 | M4: =E69 -> 0 | N4: =F8-C69-E69 -> 385 | P4: 4
E5: =D5/C5 -> #DIV/0! | J5: =B5+90 -> 90
E6: =D6/C6 -> #DIV/0! | J6: =B6+90 -> 90
E7: =D7/C7 -> #DIV/0!
B8: 계 | C8: =SUM(C4:C7) -> 400 | D8: =SUM(D4:D7) -> 11200 | E8: =D8/C8 -> 28 | F8: =SUM(F4) -> 396 | G8: =SUM(G4) -> 11088 | H8: =G8/F8 -> 28 | K8: =K4 -> 11 | L8: =L4 -> 0.027777778 | M8: =M4 -> 0 | N8: =N4 -> 385 | O8: =P8/C8 -> 0.01 | P8: =SUM(P4:P7) -> 4 | Q8: =P8-Q4-Q5-Q6 -> 4
G9: 13730 | I9: =F8*0.95 -> 376.2
B10: 폐사내역 | D10: 출하내역 | H10: 사료내역 | K10: 사료 두당 섭취량 | N10: 특이사항 | R10: 출하예상
B11: 일자 | C11: 두수 | D11: 일자 | E11: 두수 | F11: 총체 | G11: 평체 | H11: 일자 | I11: 품목 | J11: 중량 | K11: 품목 | L11: 총중량 | M11: 두당 섭취량 | N11: 일자 | O11: 내용 | R11: 주차 | S11: 두수
B12: 권영제 | C12: 11 | G12: =F12/E12 -> #DIV/0! | K12: 윈맥스S트랜스 | L12: =SUMIF($I$12:$I$134,K12,$J$12:$J$134) -> 0 | M12: =L12/$C$8 -> 0
G13: =F13/E13 -> #DIV/0! | K13: 리더MF1호 | L13: =SUMIF($I$12:$I$134,K13,$J$12:$J$134) -> 0 | M13: =L13/$C$8 -> 0
G14: =F14/E14 -> #DIV/0! | K14: 리더MF2호 | L14: =SUMIF($I$12:$I$134,K14,$J$12:$J$134) -> 0 | M14: =L14/$C$8 -> 0
G15: =F15/E15 -> #DIV/0! | K15: 리더MF3호 | L15: =SUMIF($I$12:$I$134,K15,$J$12:$J$134) -> 0 | M15: =L15/$C$8 -> 0
G16: =F16/E16 -> #DIV/0! | K16: 프레쉬맥스제로젖돈 | L16: =SUMIF($I$12:$I$134,K16,$J$12:$J$134) -> 0 | M16: =L16/$C$8 -> 0
G17: =F17/E17 -> #DIV/0! | K17: 프레쉬맥스제로육성돈 | L17: =SUMIF($I$12:$I$134,K17,$J$12:$J$134) -> 0 | M17: =L17/$C$8 -> 0
G18: =F18/E18 -> #DIV/0! | K18: 총량 | L18: =SUM(L12:L17) -> 0 | M18: =L18/F8 -> 0
G19: =F19/E19 -> #DIV/0!
G20: =F20/E20 -> #DIV/0!
G21: =F21/E21 -> #DIV/0! | K21: 예상FCR | L21: =(J69/I9)/(113-H8) -> 0
G22: =F22/E22 -> #DIV/0! | K22: 평균일당사료섭취량 | L22: =J14/N8/7 -> 0
G23: =F23/E23 -> #DIV/0!
G24: =F24/E24 -> #DIV/0!
G25: =F25/E25 -> #DIV/0!
G26: =F26/E26 -> #DIV/0!
G27: =F27/E27 -> #DIV/0! | L27: =L18/F1 -> 0
G28: =F28/E28 -> #DIV/0! | L28: =L27/N8 -> 0
G29: =F29/E29 -> #DIV/0!
G30: =F30/E30 -> #DIV/0!
G31: =F31/E31 -> #DIV/0!
G32: =F32/E32 -> #DIV/0!
G33: =F33/E33 -> #DIV/0!
G34: =F34/E34 -> #DIV/0!
G35: =F35/E35 -> #DIV/0!
L38: =J38+J39+J40 -> 0
L39: =L38/N8 -> 0
L40: =L39/4 -> 0
C69: =SUM(C12:C67) -> 11 | E69: =SUM(E12:E67) -> 0 | F69: =SUM(F12:F67) -> 0 | G69: =F69/E69 -> #DIV/0! | J69: =SUM(J12:J67) -> 0

Sheet 신흥(2-13)
A1: 농장명 : | B1: 신흥2동 | E1: =TODAY() -> 46325 | F1: =E1-B4 -> 9 | H1: 140 | I1: =B5+H1 -> 140 | J1: =G4/F4*489 -> 12958.5
F2: 클레임적용 | O2: 클레임
B3: 일자 | C3: 두수 | D3: 총체 | E3: 평체 | F3: 두수 | G3: 총체 | H3: 평체 | I3: 전입처 | J3: 출하예정일 | K3: 폐사두수 | L3: 총폐사율 | M3: 출하두수 | N3: 재고 | O3: 일자 | P3: 두수
B4: 46316 | C4: 400 | D4: =26.5*400 -> 10600 | E4: =D4/C4 -> 26.5 | F4: =C8-P8 -> 396 | G4: =D8-(D8/C8*P8) -> 10494 | H4: =G4/F4 -> 26.5 | I4: 태농 | J4: =B4+90 -> 46406 | K4: =C69 -> 6 | L4: =K8/F8 -> 0.015151515 | M4: =E69 -> 0 | N4: =F8-C69-E69 -> 390 | P4: 4
E5: =D5/C5 -> #DIV/0! | J5: =B5+90 -> 90
E6: =D6/C6 -> #DIV/0! | J6: =B6+90 -> 90
E7: =D7/C7 -> #DIV/0!
B8: 계 | C8: =SUM(C4:C7) -> 400 | D8: =SUM(D4:D7) -> 10600 | E8: =D8/C8 -> 26.5 | F8: =SUM(F4) -> 396 | G8: =SUM(G4) -> 10494 | H8: =G8/F8 -> 26.5 | K8: =K4 -> 6 | L8: =L4 -> 0.015151515 | M8: =M4 -> 0 | N8: =N4 -> 390 | O8: =P8/C8 -> 0.01 | P8: =SUM(P4:P7) -> 4 | Q8: =P8-Q4-Q5-Q6 -> 4
G9: 13730 | I9: =F8*0.95 -> 376.2
B10: 폐사내역 | D10: 출하내역 | H10: 사료내역 | K10: 사료 두당 섭취량 | N10: 특이사항 | R10: 출하예상
B11: 일자 | C11: 두수 | D11: 일자 | E11: 두수 | F11: 총체 | G11: 평체 | H11: 일자 | I11: 품목 | J11: 중량 | K11: 품목 | L11: 총중량 | M11: 두당 섭취량 | N11: 일자 | O11: 내용 | R11: 주차 | S11: 두수
B12: 권영제 | C12: 6 | G12: =F12/E12 -> #DIV/0! | K12: 윈맥스S트랜스 | L12: =SUMIF($I$12:$I$134,K12,$J$12:$J$134) -> 0 | M12: =L12/$C$8 -> 0
G13: =F13/E13 -> #DIV/0! | K13: 리더MF1호 | L13: =SUMIF($I$12:$I$134,K13,$J$12:$J$134) -> 0 | M13: =L13/$C$8 -> 0
G14: =F14/E14 -> #DIV/0! | K14: 리더MF2호 | L14: =SUMIF($I$12:$I$134,K14,$J$12:$J$134) -> 0 | M14: =L14/$C$8 -> 0
G15: =F15/E15 -> #DIV/0! | K15: 리더MF3호 | L15: =SUMIF($I$12:$I$134,K15,$J$12:$J$134) -> 0 | M15: =L15/$C$8 -> 0
G16: =F16/E16 -> #DIV/0! | K16: 프레쉬맥스제로젖돈 | L16: =SUMIF($I$12:$I$134,K16,$J$12:$J$134) -> 0 | M16: =L16/$C$8 -> 0
G17: =F17/E17 -> #DIV/0! | K17: 프레쉬맥스제로육성돈 | L17: =SUMIF($I$12:$I$134,K17,$J$12:$J$134) -> 0 | M17: =L17/$C$8 -> 0
G18: =F18/E18 -> #DIV/0! | K18: 총량 | L18: =SUM(L12:L17) -> 0 | M18: =L18/F8 -> 0
G19: =F19/E19 -> #DIV/0!
G20: =F20/E20 -> #DIV/0!
G21: =F21/E21 -> #DIV/0! | K21: 예상FCR | L21: =(J69/I9)/(113-H8) -> 0
G22: =F22/E22 -> #DIV/0! | K22: 평균일당사료섭취량 | L22: =J14/N8/7 -> 0
G23: =F23/E23 -> #DIV/0!
G24: =F24/E24 -> #DIV/0!
G25: =F25/E25 -> #DIV/0!
G26: =F26/E26 -> #DIV/0!
G27: =F27/E27 -> #DIV/0! | L27: =L18/F1 -> 0
G28: =F28/E28 -> #DIV/0! | L28: =L27/N8 -> 0
G29: =F29/E29 -> #DIV/0!
G30: =F30/E30 -> #DIV/0!
G31: =F31/E31 -> #DIV/0!
G32: =F32/E32 -> #DIV/0!
G33: =F33/E33 -> #DIV/0!
G34: =F34/E34 -> #DIV/0!
G35: =F35/E35 -> #DIV/0!
L38: =J38+J39+J40 -> 0
L39: =L38/N8 -> 0
L40: =L39/4 -> 0
C69: =SUM(C12:C67) -> 6 | E69: =SUM(E12:E67) -> 0 | F69: =SUM(F12:F67) -> 0 | G69: =F69/E69 -> #DIV/0! | J69: =SUM(J12:J67) -> 0

Sheet 신흥(2-14)
A1: 농장명 : | B1: 신흥1동 | E1: =TODAY() -> 46325 | F1: =E1-B4 -> 1 | H1: 140 | I1: =B5+H1 -> 140 | J1: =G4/F4*489 -> 12811.8
F2: 클레임적용 | O2: 클레임
B3: 일자 | C3: 두수 | D3: 총체 | E3: 평체 | F3: 두수 | G3: 총체 | H3: 평체 | I3: 전입처 | J3: 출하예정일 | K3: 폐사두수 | L3: 총폐사율 | M3: 출하두수 | N3: 재고 | O3: 일자 | P3: 두수
B4: 46324 | C4: 400 | D4: =26.2*400 -> 10480 | E4: =D4/C4 -> 26.2 | F4: =C8-P8 -> 396 | G4: =D8-(D8/C8*P8) -> 10375.2 | H4: =G4/F4 -> 26.2 | I4: 태농 | J4: =B4+90 -> 46414 | K4: =C69 -> 0 | L4: =K8/F8 -> 0 | M4: =E69 -> 0 | N4: =F8-C69-E69 -> 396 | P4: 4
E5: =D5/C5 -> #DIV/0! | J5: =B5+90 -> 90
E6: =D6/C6 -> #DIV/0! | J6: =B6+90 -> 90
E7: =D7/C7 -> #DIV/0!
B8: 계 | C8: =SUM(C4:C7) -> 400 | D8: =SUM(D4:D7) -> 10480 | E8: =D8/C8 -> 26.2 | F8: =SUM(F4) -> 396 | G8: =SUM(G4) -> 10375.2 | H8: =G8/F8 -> 26.2 | K8: =K4 -> 0 | L8: =L4 -> 0 | M8: =M4 -> 0 | N8: =N4 -> 396 | O8: =P8/C8 -> 0.01 | P8: =SUM(P4:P7) -> 4 | Q8: =P8-Q4-Q5-Q6 -> 4
G9: 13730 | I9: =F8*0.95 -> 376.2
B10: 폐사내역 | D10: 출하내역 | H10: 사료내역 | K10: 사료 두당 섭취량 | N10: 특이사항 | R10: 출하예상
B11: 일자 | C11: 두수 | D11: 일자 | E11: 두수 | F11: 총체 | G11: 평체 | H11: 일자 | I11: 품목 | J11: 중량 | K11: 품목 | L11: 총중량 | M11: 두당 섭취량 | N11: 일자 | O11: 내용 | R11: 주차 | S11: 두수
B12: 권영제 | G12: =F12/E12 -> #DIV/0! | K12: 윈맥스S트랜스 | L12: =SUMIF($I$12:$I$134,K12,$J$12:$J$134) -> 0 | M12: =L12/$C$8 -> 0
G13: =F13/E13 -> #DIV/0! | K13: 리더MF1호 | L13: =SUMIF($I$12:$I$134,K13,$J$12:$J$134) -> 0 | M13: =L13/$C$8 -> 0
G14: =F14/E14 -> #DIV/0! | K14: 리더MF2호 | L14: =SUMIF($I$12:$I$134,K14,$J$12:$J$134) -> 0 | M14: =L14/$C$8 -> 0
G15: =F15/E15 -> #DIV/0! | K15: 리더MF3호 | L15: =SUMIF($I$12:$I$134,K15,$J$12:$J$134) -> 0 | M15: =L15/$C$8 -> 0
G16: =F16/E16 -> #DIV/0! | K16: 프레쉬맥스제로젖돈 | L16: =SUMIF($I$12:$I$134,K16,$J$12:$J$134) -> 0 | M16: =L16/$C$8 -> 0
G17: =F17/E17 -> #DIV/0! | K17: 프레쉬맥스제로육성돈 | L17: =SUMIF($I$12:$I$134,K17,$J$12:$J$134) -> 0 | M17: =L17/$C$8 -> 0
G18: =F18/E18 -> #DIV/0! | K18: 총량 | L18: =SUM(L12:L17) -> 0 | M18: =L18/F8 -> 0
G19: =F19/E19 -> #DIV/0!
G20: =F20/E20 -> #DIV/0!
G21: =F21/E21 -> #DIV/0! | K21: 예상FCR | L21: =(J69/I9)/(113-H8) -> 0
G22: =F22/E22 -> #DIV/0! | K22: 평균일당사료섭취량 | L22: =J14/N8/7 -> 0
G23: =F23/E23 -> #DIV/0!
G24: =F24/E24 -> #DIV/0!
G25: =F25/E25 -> #DIV/0!
G26: =F26/E26 -> #DIV/0!
G27: =F27/E27 -> #DIV/0! | L27: =L18/F1 -> 0
G28: =F28/E28 -> #DIV/0! | L28: =L27/N8 -> 0
G29: =F29/E29 -> #DIV/0!
G30: =F30/E30 -> #DIV/0!
G31: =F31/E31 -> #DIV/0!
G32: =F32/E32 -> #DIV/0!
G33: =F33/E33 -> #DIV/0!
G34: =F34/E34 -> #DIV/0!
G35: =F35/E35 -> #DIV/0!
L38: =J38+J39+J40 -> 0
L39: =L38/N8 -> 0
L40: =L39/4 -> 0
C69: =SUM(C12:C67) -> 0 | E69: =SUM(E12:E67) -> 0 | F69: =SUM(F12:F67) -> 0 | G69: =F69/E69 -> #DIV/0! | J69: =SUM(J12:J67) -> 0

Sheet 준석(26-003)
A1: 농장명 : | B1: 준석 | E1: =TODAY() -> 46325 | F1: =E1-B5 -> 46325 | I1: =B5+120 -> 120
F2: 클레임적용 | O2: 클레임
B3: 일자 | C3: 두수 | D3: 총체 | E3: 평체 | F3: 두수 | G3: 총체 | H3: 평체 | I3: 전입처 | J3: 출하예정일 | K3: 폐사두수 | L3: 총폐사율 | M3: 출하두수 | N3: 재고 | O3: 일자 | P3: 두수 | R3: 3 | S3: =R3/C4 -> 0.0031578947
B4: 46318 | C4: 950 | D4: =C4*31.2 -> 29640 | E4: =D4/C4 -> 31.2 | F4: =C8-P8 -> 938 | G4: =D8-(D8/C8*P8) -> 29265.6 | H4: =G4/F4 -> 31.2 | I4: 태평 | J4: =B4+90 -> 46408 | K4: =C65 -> 3 | L4: =K8/F8 -> 0.0031982942 | M4: =E65 -> 0 | N4: =F8-C65-E65 -> 935 | P4: 12
E5: =D5/C5 -> #DIV/0! | J5: =B5+90 -> 90
E6: =D6/C6 -> #DIV/0! | J6: =B6+90 -> 90
E7: =D7/C7 -> #DIV/0!
B8: 계 | C8: =SUM(C4:C7) -> 950 | D8: =SUM(D4:D7) -> 29640 | E8: =D8/C8 -> 31.2 | F8: =SUM(F4) -> 938 | G8: =SUM(G4) -> 29265.6 | H8: =G8/F8 -> 31.2 | K8: =K4 -> 3 | L8: =L4 -> 0.0031982942 | M8: =M4 -> 0 | N8: =N4 -> 935 | O8: =P8/C8 -> 0.012631579 | P8: =SUM(P4:P7) -> 12 | Q8: =P8-Q4-Q5-Q6 -> 12
G9: 8051 | I9: =F8*0.95 -> 891.1
B10: 폐사내역 | D10: 출하내역 | H10: 사료내역 | K10: 사료 두당 섭취량 | N10: 특이사항 | R10: 출하예상 | U10: 출하예상
B11: 일자 | C11: 두수 | D11: 일자 | E11: 두수 | F11: 총체 | G11: 평체 | H11: 일자 | I11: 품목 | J11: 중량 | K11: 품목 | L11: 총중량 | M11: 두당 섭취량 | N11: 일자 | O11: 내용 | R11: 주차 | S11: 두수 | U11: 주차 | V11: 두수
B12: 46323 | C12: 3 | G12: =F12/E12 -> #DIV/0! | K12: 윈맥스S트랜스 | L12: =SUMIF($I$12:$I$130,K12,$J$12:$J$130) -> 0 | M12: =L12/$C$8 -> 0
G13: =F13/E13 -> #DIV/0! | K13: 리더MF1호 | L13: =SUMIF($I$12:$I$130,K13,$J$12:$J$130) -> 0 | M13: =L13/$C$8 -> 0
G14: =F14/E14 -> #DIV/0! | K14: 리더MF2호 | L14: =SUMIF($I$12:$I$130,K14,$J$12:$J$130) -> 0 | M14: =L14/$C$8 -> 0
G15: =F15/E15 -> #DIV/0! | K15: 프레쉬맥스제로젖돈 | L15: =SUMIF($I$12:$I$130,K15,$J$12:$J$130) -> 0 | M15: =L15/$C$8 -> 0
G16: =F16/E16 -> #DIV/0! | K16: 프레쉬맥스제로육성돈 | L16: =SUMIF($I$12:$I$130,K16,$J$12:$J$130) -> 0 | M16: =L16/$C$8 -> 0
G17: =F17/E17 -> #DIV/0! | K17: 총량 | L17: =SUM(L12:L16) -> 0 | M17: =L17/F8 -> 0
G18: =F18/E18 -> #DIV/0!
G19: =F19/E19 -> #DIV/0!
G20: =F20/E20 -> #DIV/0! | K20: 예상FCR | L20: =(J65/I9)/(113-H8) -> 0
G21: =F21/E21 -> #DIV/0! | K21: 평균일당사료섭취량 | L21: =(J42+J41)/N8/4 -> 0
G22: =F22/E22 -> #DIV/0!
G23: =F23/E23 -> #DIV/0!
G24: =F24/E24 -> #DIV/0!
G25: =F25/E25 -> #DIV/0!
G26: =F26/E26 -> #DIV/0!
G27: =F27/E27 -> #DIV/0!
G28: =F28/E28 -> #DIV/0!
G29: =F29/E29 -> #DIV/0!
G30: =F30/E30 -> #DIV/0!
G31: =F31/E31 -> #DIV/0!
G32: =F32/E32 -> #DIV/0!
G33: =F33/E33 -> #DIV/0!
... G44: =F44/E44 -> #DIV/0!
C65: =SUM(C12:C64) -> 3 | E65: =SUM(E12:E64) -> 0 | F65: =SUM(F12:F64) -> 0 | G65: =F65/E65 -> #DIV/0! | J65: =SUM(J12:J64) -> 0

Sheet 요셉(1106)
A1: 농장명 : | B1: 요셉 | E1: =TODAY() -> 46325 | F1: =E1-B4 -> 46325 | J1: =D18-B4 -> 0
F2: 클레임적용 | O2: 클레임
B3: 일자 | C3: 두수 | D3: 총체 | E3: 평체 | F3: 두수 | G3: 총체 | H3: 평체 | I3: 전입처 | J3: 출하예정일 | K3: 폐사두수 | L3: 총폐사율 | M3: 출하두수 | N3: 재고 | O3: 일자 | P3: 두수
E4: =D4/C4 -> #DIV/0! | F4: =C8-P8 -> 0 | G4: =D8-(D8/C8*P8) -> #DIV/0! | H4: =G4/F4 -> #DIV/0! | I4: 태평 | J4: =B4+90 -> 90 | K4: =C61 -> 0 | L4: =K8/F8 -> #DIV/0! | M4: =E61 -> 0 | N4: =F8-C61-E61 -> 0 | Q4: 10 | R4: =C4-P4 -> 0
E5: =D5/C5 -> #DIV/0! | J5: =B5+90 -> 90
E6: =D6/C6 -> #DIV/0!
E7: =D7/C7 -> #DIV/0!
B8: 계 | C8: =SUM(C4:C7) -> 0 | D8: =SUM(D4:D7) -> 0 | E8: =D8/C8 -> #DIV/0! | F8: =SUM(F4) -> 0 | G8: =SUM(G4) -> #DIV/0! | H8: =G8/F8 -> #DIV/0! | K8: =K4 -> 0 | L8: =L4 -> #DIV/0! | M8: =M4 -> 0 | N8: =N4 -> 0 | O8: =P8/C8 -> #DIV/0! | P8: =SUM(P4:P7) -> 0 | Q8: =P8-Q4-Q5 -> -10
G9: 10008 | I9: =F8*0.95 -> 0
B10: 폐사내역 | D10: 출하내역 | H10: 사료내역 | K10: 사료 두당 섭취량 | N10: 특이사항 | R10: 출하예상
B11: 일자 | C11: 두수 | D11: 일자 | E11: 두수 | F11: 총체 | G11: 평체 | H11: 일자 | I11: 품목 | J11: 중량 | K11: 품목 | L11: 총중량 | M11: 두당 섭취량 | N11: 일자 | O11: 내용 | R11: 주차 | S11: 두수
G12: =F12/E12 -> #DIV/0! | K12: 윈맥스S트랜스 | L12: =SUMIF($I$12:$I$126,K12,$J$12:$J$126) -> 0 | M12: =L12/$C$8 -> #DIV/0!
G13: =F13/E13 -> #DIV/0! | K13: 리더MF1호 | L13: =SUMIF($I$12:$I$126,K13,$J$12:$J$126) -> 0 | M13: =L13/$C$8 -> #DIV/0!
G14: =F14/E14 -> #DIV/0! | K14: 리더MF2호 | L14: =SUMIF($I$12:$I$126,K14,$J$12:$J$126) -> 0 | M14: =L14/$C$8 -> #DIV/0!
G15: =F15/E15 -> #DIV/0! | K15: 리더MF3호 | L15: =SUMIF($I$12:$I$126,K15,$J$12:$J$126) -> 0 | M15: =L15/$C$8 -> #DIV/0!
G16: =F16/E16 -> #DIV/0! | K16: 프레쉬맥스제로젖돈 | L16: =SUMIF($I$12:$I$126,K16,$J$12:$J$126) -> 0 | M16: =L16/$C$8 -> #DIV/0!
G17: =F17/E17 -> #DIV/0! | K17: 프레쉬맥스제로육성돈 | L17: =SUMIF($I$12:$I$126,K17,$J$12:$J$126) -> 0 | M17: =L17/$C$8 -> #DIV/0!
G18: =F18/E18 -> #DIV/0! | K18: 총량 | L18: =SUM(L12:L17) -> 0 | M18: =L18/C8 -> #DIV/0!
G19: =F19/E19 -> #DIV/0!
G20: =F20/E20 -> #DIV/0!
G21: =F21/E21 -> #DIV/0! | K21: 예상FCR | L21: =(J61/I9)/(113-H8) -> #DIV/0!
G22: =F22/E22 -> #DIV/0! | K22: 평균일당사료섭취량 | L22: =J25*2/N8/5 -> #DIV/0!
G23: =F23/E23 -> #DIV/0!
G24: =F24/E24 -> #DIV/0!
G25: =F25/E25 -> #DIV/0!
G26: =F26/E26 -> #DIV/0!
G27: =F27/E27 -> #DIV/0! | L27: =J26/5/N8 -> #DIV/0!
G28: =F28/E28 -> #DIV/0!
G29: =F29/E29 -> #DIV/0!
G30: =F30/E30 -> #DIV/0!
G31: =F31/E31 -> #DIV/0!
G32: =F32/E32 -> #DIV/0!
G33: =F33/E33 -> #DIV/0!
G34: =F34/E34 -> #DIV/0!
C61: =SUM(C12:C60) -> 0 | E61: =SUM(E12:E60) -> 0 | F61: =SUM(F12:F60) -> 0 | G61: =F61/E61 -> #DIV/0! | J61: =SUM(J12:J60) -> 0
D64: 45246 | E64: 30
D65: 45253 | E65: 80
D66: 45262 | E66: 100
D67: 45269 | E67: 80
S75: =700 -> 700
S77: 25
S78: =S77/S75 -> 0.035714286
F79: =2040+6100 -> 8140
F80: =F79+460 -> 8600
S81: 487두
Q94: 112
Q95: =Q94/Q88 -> #DIV/0!
